date,team,opponent,home_away,outcome,team_score,opponent_score,overtime,games,goals,assists,points,sh_att,so_g,fouls,red_cards,yellow_cards,corners,pk,pk_att,defensive_goals,defensive_assists,defensive_points,defensive_sh_att,defensive_so_g,defensive_fouls,defensive_red_cards,defensive_yellow_cards,defensive_corners,defensive_pk,defensive_pk_att,team_id
2024-08-15,A&M-Corpus Christi Islanders,North Dakota,Home,Draw,1,1,NA,1,1,2,4,11,7,13,0,2,4,0,0,1,1,3,19,12,12,0,1,4,0,0,26172
2024-08-18,A&M-Corpus Christi Islanders,Tarleton St.,Home,Draw,0,0,NA,1,0,0,0,7,6,7,0,3,4,0,0,0,0,0,8,3,16,0,0,6,0,0,26172
2024-08-17,Abilene Christian Wildcats,UTEP,Home,Draw,0,0,NA,1,0,0,0,9,5,15,0,2,5,0,0,0,0,0,8,4,13,0,3,2,0,0,2
2024-08-15,Air Force Falcons,Northern Colo.,Away,Win,4,0,NA,1,4,5,13,15,10,5,0,1,9,0,0,0,0,0,3,1,9,0,1,3,0,0,721
2024-08-15,Akron Zips,Iona,Away,Win,2,1,NA,1,2,1,5,13,6,9,0,1,1,0,0,1,1,3,13,5,14,0,4,4,0,0,5
2024-08-18,Akron Zips,Eastern Ill.,Away,Draw,1,1,NA,1,1,1,3,13,5,4,0,0,5,0,0,1,1,3,5,4,8,0,0,1,0,0,5
2024-08-15,Alabama Crimson Tide,TCU,Away,Loss,0,3,NA,1,0,0,0,14,4,20,0,1,7,0,0,3,3,9,17,8,9,0,2,7,0,0,8
2024-08-17,Alabama Crimson Tide,North Texas,Away,Win,2,1,NA,1,2,3,7,13,2,12,0,3,4,0,0,1,2,4,13,7,13,0,4,4,0,0,8
2024-08-15,Alabama A&M Bulldogs,Memphis,Away,Loss,1,5,NA,1,1,1,3,1,1,4,0,0,1,0,0,5,2,12,23,14,3,0,0,15,0,0,6
2024-08-18,Alabama A&M Bulldogs,Lipscomb,Away,Loss,0,3,NA,1,0,0,0,8,4,11,0,2,5,0,0,3,2,8,30,19,7,0,0,9,0,0,6
2024-08-15,American Eagles,George Washington,Away,Draw,1,1,NA,1,1,1,3,14,5,9,0,0,5,0,0,1,1,3,11,2,4,0,1,6,0,0,23
2024-08-18,American Eagles,VMI,Away,Loss,0,1,NA,1,0,0,0,18,4,8,0,1,6,0,0,1,0,2,5,2,6,0,1,2,1,1,23
2024-08-15,App State Mountaineers,NC State,Away,Draw,0,0,NA,1,0,0,0,8,0,10,0,1,8,0,0,0,0,0,8,4,8,0,0,4,0,0,27
2024-08-15,Arizona Wildcats,Grand Canyon,Away,Win,1,0,NA,1,1,1,3,15,8,5,0,0,2,0,0,0,0,0,9,3,8,0,2,3,0,0,29
2024-08-18,Arizona Wildcats,Pacific,Home,Win,5,0,NA,1,5,1,11,17,7,9,0,0,4,1,1,0,0,0,3,0,12,0,1,1,0,0,29
2024-08-16,Arizona St. Sun Devils,Northern Ariz.,Home,Draw,1,1,NA,1,1,1,3,12,7,7,0,2,6,0,0,1,1,3,9,5,3,0,0,4,0,0,28
2024-08-18,Arizona St. Sun Devils,Wagner,Home,Win,6,0,NA,1,6,6,18,24,14,8,0,0,5,1,1,0,0,0,1,0,7,0,1,2,0,0,28
2024-08-15,Ark.-Pine Bluff Lady Lions,ULM,Away,Loss,0,9,NA,1,0,0,0,0,0,3,0,0,0,0,0,9,7,25,52,29,4,0,0,2,0,0,2678
2024-08-15,Arkansas Razorbacks,John Brown,Home,Win,7,1,NA,1,7,9,23,39,18,14,0,1,15,0,1,1,1,3,3,2,10,0,1,1,0,0,31
2024-08-15,Arkansas St. Red Wolves,Little Rock,Home,Win,2,0,NA,1,2,2,6,15,4,11,0,0,10,0,0,0,0,0,9,5,6,0,1,3,0,0,30
2024-08-18,Arkansas St. Red Wolves,Southern Ind.,Home,Win,3,0,NA,1,3,3,9,18,9,8,0,1,7,1,1,0,0,0,11,4,12,0,2,1,0,0,30
2024-08-15,Army West Point Black Knights,Wake Forest,Home,Loss,0,1,NA,1,0,0,0,1,1,11,0,1,0,0,0,1,1,3,29,15,13,0,2,13,0,0,725
2024-08-18,Army West Point Black Knights,Manhattan,Home,Win,3,0,NA,1,3,3,9,24,8,6,0,0,5,1,1,0,0,0,5,3,13,0,2,0,0,0,725
2024-08-15,Auburn Tigers,Clemson,Home,Win,4,0,NA,1,4,2,10,13,8,12,0,0,4,0,0,0,0,0,10,4,3,0,2,5,0,0,37
2024-08-15,Austin Peay Governors,Western Ky.,Home,Win,2,1,NA,1,2,2,6,10,6,9,0,0,2,0,0,1,0,2,11,7,7,0,0,3,0,0,43
2024-08-15,BYU Cougars,Wisconsin,Home,Win,1,0,NA,1,1,2,4,7,3,8,0,0,1,0,0,0,0,0,17,6,10,0,1,12,0,1,77
2024-08-15,Ball St. Cardinals,Purdue Fort Wayne,Home,Win,4,0,NA,1,4,4,12,28,12,9,0,0,9,1,1,0,0,0,8,4,7,0,0,2,0,0,47
2024-08-15,Baylor Bears,Mississippi St.,Away,Loss,0,1,NA,1,0,0,0,5,1,10,0,0,5,0,0,1,2,4,17,4,14,0,1,3,0,0,51
2024-08-18,Baylor Bears,St. Bonaventure,Home,Win,5,2,NA,1,5,3,13,27,13,9,0,0,3,0,0,2,1,5,8,4,11,0,0,0,1,1,51
2024-08-15,Bellarmine Knights,Louisville,Away,Loss,0,7,NA,1,0,0,0,3,2,9,0,0,1,0,0,7,6,20,25,19,8,0,1,6,0,0,52
2024-08-15,Belmont Bruins,Lindenwood,Home,Loss,1,3,NA,1,1,1,3,8,5,6,0,0,8,0,0,3,2,8,8,8,5,0,0,6,0,0,14927
2024-08-18,Belmont Bruins,Middle Tenn.,Away,Win,2,1,NA,1,2,2,6,6,5,12,0,1,1,0,0,1,2,4,17,6,3,0,0,4,0,0,14927
2024-08-18,Binghamton Bearcats,George Washington,Away,Win,3,2,NA,1,3,2,8,14,4,11,0,0,8,0,0,2,1,5,12,5,5,0,0,4,0,0,62
2024-08-16,Boise St. Broncos,Portland St.,Home,Win,2,1,NA,1,2,2,6,24,9,12,0,2,5,0,0,1,1,3,13,2,10,0,0,4,0,0,66
2024-08-15,Boston College Eagles,Jacksonville,Home,Win,1,0,NA,1,1,1,3,22,7,12,0,1,11,0,0,0,0,0,6,0,10,0,2,0,0,1,67
2024-08-18,Boston College Eagles,Merrimack,Home,Win,5,1,NA,1,5,6,16,24,14,10,0,1,8,0,0,1,0,2,6,3,11,0,2,3,0,0,67
2024-08-15,Boston U. Terriers,Northwestern,Home,Loss,2,3,NA,1,2,2,6,5,3,8,0,1,5,0,0,3,1,7,15,9,6,0,2,2,0,0,68
2024-08-18,Boston U. Terriers,Northeastern,Home,Draw,1,1,NA,1,1,0,2,14,6,10,0,0,11,0,0,1,0,2,8,3,11,0,2,0,0,1,68
2024-08-15,Bowling Green Falcons,Detroit Mercy,Home,Win,3,1,NA,1,3,4,10,16,6,10,0,0,8,0,0,1,1,3,7,5,11,0,1,4,0,0,71
2024-08-18,Bryant Bulldogs,Siena,Home,Loss,0,1,NA,1,0,0,0,11,2,10,0,0,7,0,0,1,1,3,14,7,6,0,1,5,0,0,81
2024-08-15,Bucknell Bison,La Salle,Home,Win,2,1,NA,1,2,2,6,18,7,14,0,0,4,1,1,1,1,3,11,3,12,0,0,1,0,0,83
2024-08-18,Bucknell Bison,Delaware,Home,Draw,1,1,NA,1,1,1,3,9,5,5,0,0,2,0,0,1,2,4,7,3,4,0,0,3,0,0,83
2024-08-15,Buffalo Bulls,St. Bonaventure,Home,Win,1,0,NA,1,1,1,3,23,10,8,0,1,9,0,0,0,0,0,2,1,9,0,1,0,0,0,86
2024-08-15,Butler Bulldogs,Ohio,Home,Draw,1,1,NA,1,1,2,4,16,8,6,0,0,7,0,0,1,0,2,9,5,7,0,0,3,0,0,87
2024-08-18,Butler Bulldogs,Purdue,Home,Win,3,0,NA,1,3,2,8,25,9,6,0,1,11,0,0,0,0,0,3,2,13,0,1,0,0,0,87
2024-08-15,CSU Bakersfield Roadrunners,San Diego St.,Away,Loss,0,3,NA,1,0,0,0,7,4,13,0,1,6,0,0,3,2,8,13,9,11,0,1,8,1,1,94
2024-08-18,CSU Bakersfield Roadrunners,Texas,Away,Loss,0,4,NA,1,0,0,0,5,4,9,0,0,3,0,0,4,3,11,36,21,10,0,0,10,0,0,94
2024-08-15,CSUN Matadors,California Baptist,Away,Loss,0,1,NA,1,0,0,0,10,6,12,0,0,2,0,0,1,0,2,18,9,13,0,1,7,0,0,101
2024-08-18,CSUN Matadors,Texas Tech,Away,Loss,0,4,NA,1,0,0,0,3,3,8,0,1,0,0,0,4,4,12,31,16,9,0,0,6,0,0,101
2024-08-15,Cal Poly Mustangs,Portland,Home,Draw,1,1,NA,1,1,1,3,16,7,11,0,1,3,0,0,1,1,3,9,4,4,0,1,6,0,0,90
2024-08-18,Cal Poly Mustangs,Fresno St.,Home,Loss,0,1,NA,1,0,0,0,9,2,7,0,0,4,0,0,1,1,3,8,6,12,0,2,2,0,0,90
2024-08-15,Cal St. Fullerton Titans,San Diego,Home,Win,3,0,NA,1,3,3,9,17,8,10,0,0,4,0,0,0,0,0,5,2,9,0,2,2,0,0,97
2024-08-15,California Golden Bears,UC San Diego,Home,Win,2,1,NA,1,2,1,5,13,8,7,0,0,3,0,0,1,1,3,5,3,6,0,1,5,0,0,107
2024-08-18,California Golden Bears,Santa Clara,Away,Loss,1,2,NA,1,1,0,2,9,1,10,0,3,7,1,1,2,1,5,12,4,9,1,1,5,1,1,107
2024-08-15,California Baptist Lancers,CSUN,Home,Win,1,0,NA,1,1,0,2,18,9,13,0,1,7,0,0,0,0,0,10,6,12,0,0,2,0,0,30135
2024-08-18,California Baptist Lancers,Southern California,Home,Loss,0,1,NA,1,0,0,0,9,5,10,0,1,5,0,0,1,2,4,23,8,10,0,1,10,0,1,30135
2024-08-15,Campbell Camels,Virginia Tech,Away,Loss,0,4,NA,1,0,0,0,2,1,9,0,0,1,0,0,4,4,12,22,8,4,0,0,17,0,0,115
2024-08-18,Campbell Camels,George Mason,Home,Draw,3,3,NA,1,3,4,10,14,6,8,0,0,4,0,0,3,1,7,10,3,10,0,1,2,0,0,115
2024-08-16,Central Ark. Bears,Tulsa,Away,Loss,2,5,NA,1,2,2,6,8,7,8,0,0,8,0,0,5,6,16,21,14,16,0,0,6,0,0,1004
2024-08-18,Central Conn. St. Blue Devils,Fairfield,Home,Loss,0,1,NA,1,0,0,0,8,4,14,0,0,1,0,0,1,1,3,20,11,8,0,0,9,0,0,127
2024-08-15,Central Mich. Chippewas,Kentucky,Away,Loss,0,2,NA,1,0,0,0,3,1,10,0,0,3,0,0,2,3,7,24,10,11,0,1,8,0,0,129
2024-08-15,Charleston So. Buccaneers,Furman,Home,Loss,2,3,NA,1,2,2,6,10,5,7,0,2,6,0,0,3,2,8,17,11,7,0,0,7,0,0,48
2024-08-18,Charleston So. Buccaneers,Grand Canyon,Away,Loss,0,3,NA,1,0,0,0,6,2,6,0,0,1,0,0,3,5,11,20,9,7,0,0,8,0,0,48
2024-08-15,Charlotte 49ers,UNCW,Home,Loss,1,2,NA,1,1,0,2,15,6,12,0,0,10,1,1,2,2,6,7,3,19,0,4,10,0,0,458
2024-08-18,Charlotte 49ers,TCU,Home,Loss,0,3,NA,1,0,0,0,5,2,12,0,0,0,0,0,3,2,8,22,6,6,0,0,7,0,1,458
2024-08-15,Chattanooga Mocs,Georgia St.,Away,Draw,2,2,NA,1,2,1,5,11,5,15,0,1,1,1,1,2,2,6,12,5,13,0,0,3,0,0,693
2024-08-18,Chattanooga Mocs,Tennessee,Away,Loss,0,2,NA,1,0,0,0,1,1,9,0,2,1,0,0,2,1,5,17,5,11,0,2,5,0,0,693
2024-08-15,Chicago St. Cougars,UIC,Away,Loss,0,2,NA,1,0,0,0,3,0,13,0,3,0,0,0,2,2,6,14,8,14,0,1,6,0,0,136
2024-08-18,Chicago St. Cougars,Valparaiso,Home,Loss,1,3,NA,1,1,1,3,4,3,10,0,0,5,0,0,3,1,7,16,6,10,0,0,7,1,1,136
2024-08-15,Cincinnati Bearcats,Murray St.,Home,Win,2,1,NA,1,2,1,5,21,11,10,0,2,10,0,0,1,0,2,10,2,8,0,2,2,1,1,140
2024-08-18,Cincinnati Bearcats,Toledo,Away,Win,3,2,NA,1,3,2,8,14,8,14,0,1,3,0,0,2,2,6,9,8,9,0,0,5,0,0,140
2024-08-15,Clemson Tigers,Auburn,Away,Loss,0,4,NA,1,0,0,0,10,4,3,0,2,5,0,0,4,2,10,13,8,12,0,0,4,0,0,147
2024-08-18,Clemson Tigers,High Point,Home,Win,2,0,NA,1,2,1,5,16,6,6,0,0,8,0,0,0,0,0,2,1,8,0,0,1,0,0,147
2024-08-15,Cleveland St. Vikings,Kent St.,Away,Loss,1,2,NA,1,1,0,2,3,2,10,0,0,4,0,0,2,1,5,17,13,9,0,1,6,0,0,148
2024-08-15,Coastal Carolina Chanticleers,Richmond,Home,Draw,1,1,NA,1,1,1,3,13,6,6,0,0,5,0,1,1,1,3,6,3,15,0,3,3,0,0,149
2024-08-15,Col. of Charleston Cougars,South Carolina St.,Home,Win,7,0,NA,1,7,5,19,31,16,8,0,0,8,1,1,0,0,0,2,1,8,0,2,0,0,0,1014
2024-08-18,Col. of Charleston Cougars,Presbyterian,Away,Win,1,0,NA,1,1,1,3,20,10,7,0,2,10,0,0,0,0,0,5,1,9,0,0,2,0,0,1014
2024-08-15,Colgate Raiders,Stony Brook,Away,Loss,1,2,NA,1,1,1,3,12,6,8,1,0,4,0,0,2,3,7,16,7,9,0,2,2,0,0,153
2024-08-18,Colgate Raiders,St. John's (NY),Away,Loss,0,2,NA,1,0,0,0,8,5,6,0,0,6,0,0,2,0,4,19,10,12,0,0,10,1,1,153
2024-08-15,Colorado Buffaloes,Marquette,Home,Win,3,0,NA,1,3,2,8,14,10,5,0,0,2,0,1,0,0,0,10,3,10,0,1,8,0,0,157
2024-08-18,Colorado Buffaloes,North Carolina,Home,Loss,2,3,NA,1,2,2,6,11,5,8,0,1,2,0,0,3,3,9,23,13,3,0,0,4,0,0,157
2024-08-16,Colorado Col. Tigers,Montana,Away,Loss,0,1,NA,1,0,0,0,5,4,15,0,0,2,0,0,1,1,3,12,6,17,0,2,4,0,0,154
2024-08-18,Colorado Col. Tigers,"Iowa Missoula, MT",Away,Loss,1,4,NA,1,1,1,3,5,2,7,0,1,0,0,0,4,2,10,19,10,11,0,0,10,0,0,154
2024-08-15,Colorado St. Rams,Idaho St.,Home,Draw,0,0,NA,1,0,0,0,19,6,8,0,2,5,0,0,0,0,0,8,0,8,0,1,2,0,0,156
2024-08-18,Colorado St. Rams,Nebraska,Away,Loss,2,3,NA,1,2,1,5,17,10,13,0,1,5,1,1,3,5,11,13,5,11,0,0,3,0,0,156
2024-08-15,Creighton Bluejays,Minnesota,Away,Loss,1,2,NA,1,1,0,2,5,2,11,0,4,1,0,0,2,4,8,12,8,8,0,1,3,0,0,169
2024-08-18,Creighton Bluejays,Iowa St.,Away,Win,2,1,NA,1,2,1,5,12,5,27,0,1,4,0,0,1,0,2,3,2,22,0,3,0,1,1,169
2024-08-15,Davidson Wildcats,VMI,Away,Loss,0,1,NA,1,0,0,0,15,8,11,0,0,6,0,0,1,0,2,5,1,13,0,0,1,0,0,173
2024-08-15,Dayton Flyers,Loyola Maryland,Away,Win,2,1,NA,1,2,0,4,12,8,13,0,3,0,1,1,1,1,3,12,5,13,0,3,2,0,0,175
2024-08-15,DePaul Blue Demons,NIU,Home,Draw,0,0,NA,1,0,0,0,3,0,9,0,2,3,0,0,0,0,0,10,7,12,0,2,6,0,0,176
2024-08-18,DePaul Blue Demons,Illinois,Away,Loss,1,2,NA,1,1,1,3,6,4,9,0,1,0,0,0,2,2,6,15,5,6,0,0,8,1,1,176
2024-08-15,Delaware Blue Hens,West Virginia,Away,Loss,0,2,NA,1,0,0,0,3,2,12,0,0,0,0,0,2,1,5,14,7,8,0,0,6,1,1,180
2024-08-18,Delaware Blue Hens,Bucknell,Away,Draw,1,1,NA,1,1,2,4,7,3,4,0,0,3,0,0,1,1,3,9,5,5,0,0,2,0,0,180
2024-08-18,Delaware St. Hornets,Mount St. Mary's,Home,Loss,0,2,NA,1,0,0,0,3,1,8,0,0,1,0,0,2,0,4,24,10,6,0,0,7,0,0,178
2024-08-15,Denver Pioneers,North Carolina,Home,Loss,1,2,NA,1,1,0,2,4,2,13,0,2,4,1,1,2,1,5,19,5,8,0,1,1,0,0,183
2024-08-18,Denver Pioneers,Idaho St.,Home,Loss,0,1,NA,1,0,0,0,18,4,9,0,1,8,0,0,1,0,2,7,2,11,0,1,1,0,0,183
2024-08-15,Detroit Mercy Titans,Bowling Green,Away,Loss,1,3,NA,1,1,1,3,7,5,11,0,1,4,0,0,3,4,10,16,6,10,0,0,8,0,0,184
2024-08-18,Detroit Mercy Titans,Utah Valley,Home,Loss,2,5,NA,1,2,0,4,6,3,20,0,1,1,1,1,5,7,17,30,16,16,0,1,7,1,1,184
2024-08-15,Drake Bulldogs,St. Thomas (MN),Away,Draw,1,1,NA,1,1,1,3,13,9,7,0,1,4,0,0,1,0,2,16,4,11,0,1,8,1,1,189
2024-08-18,Drake Bulldogs,Kansas,Home,Loss,0,1,NA,1,0,0,0,1,1,6,0,3,4,0,0,1,0,2,13,5,7,0,0,6,0,0,189
2024-08-16,Drexel Dragons,Saint Joseph's,Away,Loss,1,2,NA,1,1,1,3,11,5,11,0,0,6,0,1,2,3,7,10,4,21,0,1,4,0,0,191
2024-08-15,Duke Blue Devils,Ohio St.,Away,Loss,0,1,NA,1,0,0,0,21,11,4,0,0,5,0,0,1,0,2,9,3,7,0,0,0,0,0,193
2024-08-15,Duquesne Dukes,Mercyhurst,Home,Win,6,2,NA,1,6,7,19,35,19,7,0,0,7,0,0,2,0,4,3,2,14,0,1,2,0,0,194
2024-08-18,Duquesne Dukes,"Pittsburgh Pittsburgh, PA",Away,Loss,1,2,NA,1,1,0,2,11,4,12,0,0,1,0,0,2,2,6,22,11,5,0,0,9,0,0,194
2024-08-15,ETSU Buccaneers (Bucs),UAB,Away,Loss,0,1,NA,1,0,0,0,12,4,11,0,4,4,0,0,1,1,3,12,8,5,0,1,4,0,0,198
2024-08-18,ETSU Buccaneers (Bucs),Eastern Ky.,Home,Win,1,0,NA,1,1,0,2,24,10,10,0,1,4,0,0,0,0,0,10,6,11,0,1,4,0,0,198
2024-08-18,East Carolina Pirates,NC State,Away,Win,1,0,NA,1,1,0,2,11,4,12,0,1,3,0,0,0,0,0,9,3,6,0,5,4,0,0,196
2024-08-15,Eastern Ill. Panthers,Loyola Chicago,Away,Loss,0,4,NA,1,0,0,0,5,1,3,0,1,3,0,0,4,3,11,22,9,11,0,1,11,0,0,201
2024-08-18,Eastern Ill. Panthers,Akron,Home,Draw,1,1,NA,1,1,1,3,5,4,8,0,0,1,0,0,1,1,3,13,5,4,0,0,5,0,0,201
2024-08-15,Eastern Ky. Colonels,Miami (OH),Away,Loss,0,4,NA,1,0,0,0,7,5,11,0,0,2,0,0,4,3,11,18,6,10,0,0,4,0,0,202
2024-08-18,Eastern Ky. Colonels,ETSU,Away,Loss,0,1,NA,1,0,0,0,10,6,11,0,1,4,0,0,1,0,2,24,10,10,0,1,4,0,0,202
2024-08-15,Eastern Mich. Eagles,Oakland,Home,Win,1,0,NA,1,1,2,4,10,5,14,0,0,9,0,0,0,0,0,5,1,5,0,0,4,0,0,204
2024-08-15,Eastern Wash. Eagles,Troy,Away,Loss,1,2,NA,1,1,1,3,16,6,4,0,2,7,0,0,2,2,6,16,4,7,0,2,8,0,0,207
2024-08-18,Eastern Wash. Eagles,Kennesaw St.,Away,Win,3,2,NA,1,3,1,7,16,8,8,0,0,9,1,1,2,2,6,13,5,11,0,0,5,0,0,207
2024-08-15,Elon Phoenix,George Mason,Home,Win,1,0,NA,1,1,2,4,12,4,9,0,1,6,0,0,0,0,0,3,3,8,0,0,0,0,0,1068
2024-08-15,Evansville Purple Aces,Lipscomb,Home,Draw,0,0,NA,1,0,0,0,3,2,5,0,0,4,0,0,0,0,0,13,4,13,0,1,6,0,0,219
2024-08-18,FDU Knights,Seton Hall,Home,Draw,0,0,NA,1,0,0,0,9,3,7,0,3,6,0,0,0,0,0,8,5,13,0,3,3,0,0,222
2024-08-15,FGCU Eagles,FIU,Home,Loss,1,2,NA,1,1,0,2,5,3,9,0,2,2,0,0,2,1,5,19,12,7,0,1,6,0,0,28755
2024-08-15,FIU Panthers,FGCU,Away,Win,2,1,NA,1,2,1,5,19,12,7,0,1,6,0,0,1,0,2,5,3,9,0,2,2,0,0,231
2024-08-18,FIU Panthers,Oklahoma,Away,Loss,1,2,NA,1,1,0,2,6,5,8,1,0,3,1,1,2,2,6,14,5,8,0,0,10,0,0,231
2024-08-15,Fairfield Stags,Holy Cross,Home,Win,2,1,NA,1,2,1,5,13,9,8,0,1,4,0,0,1,1,3,11,4,16,0,1,3,0,0,220
2024-08-18,Fairfield Stags,Central Conn. St.,Away,Win,1,0,NA,1,1,1,3,20,11,8,0,0,9,0,0,0,0,0,8,4,14,0,0,1,0,0,220
2024-08-15,Fla. Atlantic Owls,UCF,Home,Loss,1,5,NA,1,1,0,2,10,5,9,0,1,6,0,0,5,9,19,12,6,7,0,3,4,0,0,229
2024-08-18,Fla. Atlantic Owls,Miami (FL),Home,Draw,1,1,NA,1,1,1,3,6,2,9,0,0,1,0,0,1,1,3,9,6,9,0,0,6,0,0,229
2024-08-16,Florida Gators,Western Caro.,Home,Win,2,0,NA,1,2,3,7,20,9,12,0,2,4,0,1,0,0,0,7,5,10,0,0,0,0,0,235
2024-08-15,Florida St. Seminoles,South Fla.,Away,Win,5,0,NA,1,5,5,15,23,11,6,0,3,7,0,0,0,0,0,9,3,7,0,1,3,0,0,234
2024-08-18,Florida St. Seminoles,North Florida,Home,Win,10,0,NA,1,10,7,27,37,23,7,0,0,8,0,0,0,0,0,2,1,6,0,0,0,0,0,234
2024-08-15,Fordham Rams,Manhattan,Home,Win,2,1,NA,1,2,2,6,13,6,12,0,2,4,0,0,1,0,2,9,4,14,0,0,5,0,0,236
2024-08-18,Fresno St. Bulldogs,Cal Poly,Away,Win,1,0,NA,1,1,1,3,8,6,12,0,2,2,0,0,0,0,0,9,2,7,0,0,4,0,0,96
2024-08-15,Furman Paladins,Charleston So.,Away,Win,3,2,NA,1,3,2,8,17,11,7,0,0,7,0,0,2,2,6,10,5,7,0,2,6,0,0,244
2024-08-18,Furman Paladins,South Carolina,Away,Loss,1,5,NA,1,1,0,2,4,2,7,0,0,4,0,0,5,4,14,18,9,10,0,0,6,0,0,244
2024-08-15,Ga. Southern Eagles,Hawaii,Away,Loss,2,3,NA,1,2,1,5,14,9,4,0,1,9,0,0,3,3,9,17,7,12,0,0,5,0,0,253
2024-08-18,Ga. Southern Eagles,"Pepperdine Waipahu, HI",Away,Loss,1,2,NA,1,1,0,2,6,3,5,0,1,3,0,0,2,2,6,14,8,7,0,0,6,0,0,253
2024-08-15,Gardner-Webb Runnin' Bulldogs,Stetson,Home,Loss,1,2,NA,1,1,1,3,10,4,8,0,2,3,0,0,2,2,6,9,4,4,0,1,6,0,0,1092
2024-08-15,George Mason Patriots,Elon,Away,Loss,0,1,NA,1,0,0,0,3,3,8,0,0,0,0,0,1,2,4,12,4,9,0,1,6,0,0,248
2024-08-18,George Mason Patriots,Campbell,Away,Draw,3,3,NA,1,3,1,7,10,3,10,0,1,2,0,0,3,4,10,14,6,8,0,0,4,0,0,248
2024-08-15,George Washington Revolutionaries,American,Home,Draw,1,1,NA,1,1,1,3,11,2,4,0,1,6,0,0,1,1,3,14,5,9,0,0,5,0,0,249
2024-08-18,George Washington Revolutionaries,Binghamton,Home,Loss,2,3,NA,1,2,1,5,12,5,5,0,0,4,0,0,3,2,8,14,4,11,0,0,8,0,0,249
2024-08-15,Georgetown Hoyas,Vanderbilt,Home,Draw,0,0,NA,1,0,0,0,13,4,6,0,1,6,0,0,0,0,0,7,4,13,0,0,2,0,0,251
2024-08-15,Georgia Bulldogs,Pittsburgh,Home,Draw,0,0,NA,1,0,0,0,10,4,9,0,1,4,0,0,0,0,0,18,5,10,0,1,7,0,0,257
2024-08-15,Georgia St. Panthers,Chattanooga,Home,Draw,2,2,NA,1,2,2,6,12,5,13,0,0,3,0,0,2,1,5,11,5,15,0,1,1,1,1,254
2024-08-15,Gonzaga Bulldogs,Utah,Away,Loss,1,2,NA,1,1,1,3,10,6,5,0,0,7,0,0,2,2,6,13,5,15,0,2,6,0,0,260
2024-08-15,Grambling Lady Tigers,LSU-Alexandria,Away,Win,7,0,NA,1,7,3,17,24,15,15,0,0,13,0,0,0,0,0,4,3,11,0,0,1,0,0,261
2024-08-16,Grambling Lady Tigers,Southeastern La.,Away,Draw,0,0,NA,1,0,0,0,7,2,18,0,1,4,0,0,0,0,0,8,4,7,0,0,2,0,0,261
2024-08-18,Grambling Lady Tigers,Nicholls,Away,Win,2,0,NA,1,2,2,6,14,5,12,0,1,7,0,0,0,0,0,7,3,4,0,0,2,0,0,261
2024-08-15,Grand Canyon Lopes,Arizona,Home,Loss,0,1,NA,1,0,0,0,9,3,8,0,2,3,0,0,1,1,3,15,8,5,0,0,2,0,0,1104
2024-08-18,Grand Canyon Lopes,Charleston So.,Home,Win,3,0,NA,1,3,5,11,20,9,7,0,0,8,0,0,0,0,0,6,2,6,0,0,1,0,0,1104
2024-08-15,Green Bay Phoenix,Illinois St.,Away,Loss,1,2,NA,1,1,0,2,5,3,5,0,0,4,0,0,2,2,6,8,2,12,0,0,5,0,0,794
2024-08-18,Green Bay Phoenix,North Dakota St.,Home,Draw,0,0,NA,1,0,0,0,7,5,17,0,1,1,0,0,0,0,0,15,6,19,0,1,2,0,0,794
2024-08-15,Hampton Lady Pirates,Mount St. Mary's,Away,Loss,0,4,NA,1,0,0,0,9,2,11,0,0,3,0,0,4,3,11,20,12,5,0,0,9,1,1,270
2024-08-18,Hampton Lady Pirates,Howard,Home,Draw,0,0,NA,1,0,0,0,3,0,11,0,2,2,0,0,0,0,0,14,7,9,0,1,7,0,0,270
2024-08-15,Hawaii Rainbow Wahine,Ga. Southern,Home,Win,3,2,NA,1,3,3,9,17,7,12,0,0,5,0,0,2,1,5,14,9,4,0,1,9,0,0,277
2024-08-18,Hawaii Rainbow Wahine,Utah St.,Home,Loss,0,3,NA,1,0,0,0,6,2,13,0,0,0,0,0,3,4,10,21,11,8,0,0,5,0,0,277
2024-08-15,High Point Panthers,Liberty,Home,Loss,1,3,NA,1,1,1,3,2,1,9,0,1,0,0,0,3,2,8,21,8,7,0,0,4,0,0,19651
2024-08-18,High Point Panthers,Clemson,Away,Loss,0,2,NA,1,0,0,0,2,1,8,0,0,1,0,0,2,1,5,16,6,6,0,0,8,0,0,19651
2024-08-15,Hofstra Pride,Quinnipiac,Away,Draw,1,1,NA,1,1,1,3,11,7,8,0,1,6,0,0,1,1,3,4,2,9,0,1,6,0,0,283
2024-08-15,Holy Cross Crusaders,Fairfield,Away,Loss,1,2,NA,1,1,1,3,11,4,16,0,1,3,0,0,2,1,5,13,9,8,0,1,4,0,0,285
2024-08-18,Holy Cross Crusaders,New Hampshire,Away,Loss,2,3,NA,1,2,1,5,5,4,12,1,1,3,0,0,3,3,9,21,6,7,0,1,5,1,1,285
2024-08-15,Houston Cougars,Texas,Away,Loss,0,1,NA,1,0,0,0,6,3,10,0,1,3,0,0,1,2,4,24,8,2,0,0,8,0,0,288
2024-08-18,Houston Cougars,Sam Houston,Home,Loss,1,3,NA,1,1,1,3,20,9,5,0,0,11,0,0,3,3,9,6,4,7,0,2,1,0,0,288
2024-08-15,Houston Christian Huskies,Pacific,Away,Loss,1,2,NA,1,1,0,2,15,8,6,0,0,7,0,0,2,2,6,10,3,4,1,1,3,0,0,287
2024-08-17,Houston Christian Huskies,Sacramento St.,Away,Loss,1,3,NA,1,1,1,3,15,2,9,0,0,1,0,0,3,2,8,20,9,8,0,0,5,0,0,287
2024-08-15,Howard Bison,Saint Peter's,Home,Win,4,2,NA,1,4,2,10,20,9,7,0,3,3,1,1,2,3,7,10,6,14,0,2,3,0,0,290
2024-08-18,Howard Bison,Hampton,Away,Draw,0,0,NA,1,0,0,0,14,7,9,0,1,7,0,0,0,0,0,3,0,11,0,2,2,0,0,290
2024-08-15,IU Indy Jaguars,Toledo,Home,Draw,1,1,NA,1,1,2,4,5,3,10,0,0,3,0,0,1,0,2,15,6,11,0,0,6,0,0,2699
2024-08-15,Idaho Vandals,UC Riverside,Away,Win,3,0,NA,1,3,3,9,18,11,3,0,0,10,0,0,0,0,0,6,4,7,0,1,3,0,0,295
2024-08-18,Idaho Vandals,Seattle U,Away,Loss,1,3,NA,1,1,1,3,8,4,13,0,0,4,0,0,3,2,8,17,8,14,0,0,4,1,1,295
2024-08-15,Idaho St. Bengals,Colorado St.,Away,Draw,0,0,NA,1,0,0,0,8,0,8,0,1,2,0,0,0,0,0,19,6,8,0,2,5,0,0,294
2024-08-18,Idaho St. Bengals,Denver,Away,Win,1,0,NA,1,1,0,2,7,2,11,0,1,1,0,0,0,0,0,18,4,9,0,1,8,0,0,294
2024-08-15,Illinois Fighting Illini,Wright St.,Home,Win,6,0,NA,1,6,11,23,24,13,3,0,0,14,0,0,0,0,0,6,3,6,0,0,3,0,0,301
2024-08-18,Illinois Fighting Illini,DePaul,Home,Win,2,1,NA,1,2,2,6,15,5,6,0,0,8,1,1,1,1,3,6,4,9,0,1,0,0,0,301
2024-08-15,Illinois St. Redbirds,Green Bay,Home,Win,2,1,NA,1,2,2,6,8,2,12,0,0,5,0,0,1,0,2,5,3,5,0,0,4,0,0,299
2024-08-18,Illinois St. Redbirds,Purdue Fort Wayne,Away,Draw,0,0,NA,1,0,0,0,8,5,5,0,0,3,0,0,0,0,0,9,1,9,0,0,1,0,0,299
2024-08-15,Indiana Hoosiers,Tennessee,Home,Win,1,0,NA,1,1,1,3,10,4,11,0,1,8,0,0,0,0,0,7,4,11,0,3,6,0,0,306
2024-08-15,Indiana St. Sycamores,St. Mary-Woods,Home,Win,10,0,NA,1,10,10,30,42,24,4,0,0,9,0,0,0,0,0,0,0,7,0,0,1,0,0,305
2024-08-15,Iona Gaels,Akron,Home,Loss,1,2,NA,1,1,1,3,13,5,14,0,4,4,0,0,2,1,5,13,6,9,0,1,1,0,0,310
2024-08-18,Iona Gaels,Saint Francis,Away,Draw,0,0,NA,1,0,0,0,9,3,17,0,0,9,0,0,0,0,0,9,4,7,0,1,3,0,0,310
2024-08-18,Iowa Hawkeyes,"Colorado Col. Missoula, MT",Away,Win,4,1,NA,1,4,2,10,19,10,11,0,0,10,0,0,1,1,3,5,2,7,0,1,0,0,0,312
2024-08-15,Iowa St. Cyclones,Western Ill.,Home,Win,3,0,NA,1,3,1,7,24,10,10,0,2,8,0,0,0,0,0,4,1,8,0,1,2,0,0,311
2024-08-18,Iowa St. Cyclones,Creighton,Home,Loss,1,2,NA,1,1,0,2,3,2,22,0,3,0,1,1,2,1,5,12,5,27,0,1,4,0,0,311
2024-08-15,Jackson St. Lady Tigers,Southern Ill.,Home,Draw,2,2,NA,1,2,0,4,11,5,9,0,0,6,0,0,2,2,6,13,8,11,0,0,5,0,0,314
2024-08-18,Jackson St. Lady Tigers,McNeese,Away,Loss,1,2,NA,1,1,1,3,10,7,12,0,4,5,0,0,2,2,6,7,5,13,0,4,3,0,0,314
2024-08-15,Jacksonville Dolphins,Boston College,Away,Loss,0,1,NA,1,0,0,0,6,0,10,0,2,0,0,1,1,1,3,22,7,12,0,1,11,0,0,316
2024-08-18,Jacksonville Dolphins,South Fla.,Away,Loss,1,5,NA,1,1,0,2,2,2,5,0,0,1,0,0,5,6,16,21,9,16,0,0,11,0,0,316
2024-08-15,Jacksonville St. Gamecocks,West Ga.,Home,Win,1,0,NA,1,1,1,3,10,5,12,0,3,5,0,0,0,0,0,5,1,19,0,3,2,0,0,315
2024-08-18,Jacksonville St. Gamecocks,"North Ala. Huntsville, AL",Away,Win,5,0,NA,1,5,6,16,12,6,9,0,0,4,0,0,0,0,0,4,2,14,0,1,5,0,0,315
2024-08-15,James Madison Dukes,Villanova,Away,Win,3,0,NA,1,3,2,8,12,4,6,0,0,5,0,0,0,0,0,7,3,5,0,1,1,0,0,317
2024-08-18,James Madison Dukes,Virginia Tech,Home,Loss,0,2,NA,1,0,0,0,5,2,4,0,0,2,0,0,2,3,7,16,7,12,0,1,7,0,1,317
2024-08-15,Kansas Jayhawks,South Dakota St.,Away,Win,2,1,NA,1,2,4,8,12,6,13,0,2,0,0,0,1,0,2,13,5,6,0,0,6,0,0,328
2024-08-18,Kansas Jayhawks,Drake,Away,Win,1,0,NA,1,1,0,2,13,5,7,0,0,6,0,0,0,0,0,1,1,6,0,3,4,0,0,328
2024-08-15,Kansas City Roos,Saint Louis,Away,Draw,0,0,NA,1,0,0,0,3,0,4,0,0,0,0,0,0,0,0,12,5,2,0,0,16,0,0,2707
2024-08-18,Kansas City Roos,Marquette,Away,Draw,1,1,NA,1,1,2,4,10,4,7,0,1,4,0,0,1,1,3,8,1,4,0,1,10,0,0,2707
2024-08-15,Kansas St. Wildcats,Nevada,Home,Loss,1,2,NA,1,1,1,3,20,11,8,0,0,5,0,0,2,2,6,15,6,12,0,1,3,0,0,327
2024-08-15,Kennesaw St. Owls,Mercer,Home,Loss,1,2,NA,1,1,0,2,4,2,11,0,1,8,0,0,2,2,6,24,13,4,0,1,9,0,0,1157
2024-08-18,Kennesaw St. Owls,Eastern Wash.,Home,Loss,2,3,NA,1,2,2,6,13,5,11,0,0,5,0,0,3,1,7,16,8,8,0,0,9,1,1,1157
2024-08-15,Kent St. Golden Flashes,Cleveland St.,Home,Win,2,1,NA,1,2,1,5,17,13,9,0,1,6,0,0,1,0,2,3,2,10,0,0,4,0,0,331
2024-08-18,Kent St. Golden Flashes,Youngstown St.,Away,Draw,2,2,NA,1,2,0,4,20,8,11,0,2,5,0,0,2,1,5,8,4,16,0,2,1,1,1,331
2024-08-15,Kentucky Wildcats,Central Mich.,Home,Win,2,0,NA,1,2,3,7,24,10,11,0,1,8,0,0,0,0,0,3,1,10,0,0,3,0,0,334
2024-08-18,Kentucky Wildcats,Morehead St.,Home,Win,2,0,NA,1,2,0,4,25,8,8,0,1,10,1,1,0,0,0,2,0,12,0,3,0,0,0,334
2024-08-17,LIU Sharks,UAlbany,Away,Loss,1,3,NA,1,1,0,2,13,3,7,1,2,7,0,0,3,2,8,18,12,14,0,0,3,0,0,361
2024-08-15,LMU (CA) Lions,UC Santa Barbara,Away,Win,2,0,NA,1,2,2,6,14,5,4,0,1,5,0,0,0,0,0,10,1,8,0,0,3,0,0,370
2024-08-18,LMU (CA) Lions,UC Davis,Away,Win,3,2,NA,1,3,2,8,10,5,7,0,0,2,0,0,2,2,6,11,4,13,0,1,3,1,1,370
2024-08-15,LSU Tigers,South Alabama,Away,Win,3,0,NA,1,3,2,8,13,7,10,0,2,5,1,1,0,0,0,9,6,17,0,3,1,0,0,365
2024-08-15,La Salle Explorers,Bucknell,Away,Loss,1,2,NA,1,1,1,3,11,3,12,0,0,1,0,0,2,2,6,18,7,14,0,0,4,1,1,340
2024-08-18,La Salle Explorers,Sacred Heart,Away,Win,2,1,NA,1,2,2,6,14,6,13,0,1,7,0,0,1,0,2,11,4,16,0,1,1,0,0,340
2024-08-15,Lafayette Leopards,Siena,Home,Win,3,0,NA,1,3,2,8,14,9,7,0,0,8,0,0,0,0,0,10,6,1,0,0,2,0,0,342
2024-08-15,Lamar University Cardinals,Texas A&M,Home,Loss,0,5,NA,1,0,0,0,6,3,13,0,1,0,0,0,5,6,16,25,11,6,0,0,6,0,0,346
2024-08-15,Le Moyne Dolphins,Maine,Home,Loss,0,4,NA,1,0,0,0,2,0,7,0,0,1,0,0,4,6,14,26,12,7,0,0,9,0,0,349
2024-08-18,Le Moyne Dolphins,Robert Morris,Away,Loss,0,5,NA,1,0,0,0,6,2,8,0,0,4,0,0,5,6,16,15,10,10,0,0,6,0,0,349
2024-08-15,Lehigh Mountain Hawks,Maryland,Home,Loss,0,2,NA,1,0,0,0,14,7,8,0,0,4,0,0,2,2,6,6,4,6,0,1,3,0,0,352
2024-08-15,Liberty Lady Flames,High Point,Away,Win,3,1,NA,1,3,2,8,21,8,7,0,0,4,0,0,1,1,3,2,1,9,0,1,0,0,0,355
2024-08-18,Liberty Lady Flames,Old Dominion,Home,Win,2,0,NA,1,2,2,6,9,2,4,0,0,6,0,0,0,0,0,8,6,4,0,1,5,0,0,355
2024-08-15,Lindenwood Lions,Belmont,Away,Win,3,1,NA,1,3,2,8,8,8,5,0,0,6,0,0,1,1,3,8,5,6,0,0,8,0,0,30136
2024-08-18,Lindenwood Lions,Omaha,Away,Loss,0,2,NA,1,0,0,0,5,3,9,0,0,1,0,0,2,3,7,11,6,7,0,0,9,0,0,30136
2024-08-15,Lipscomb Bisons,Evansville,Away,Draw,0,0,NA,1,0,0,0,13,4,13,0,1,6,0,0,0,0,0,3,2,5,0,0,4,0,0,28600
2024-08-18,Lipscomb Bisons,Alabama A&M,Home,Win,3,0,NA,1,3,2,8,30,19,7,0,0,9,0,0,0,0,0,8,4,11,0,2,5,0,0,28600
2024-08-15,Little Rock Trojans,Arkansas St.,Away,Loss,0,2,NA,1,0,0,0,9,5,6,0,1,3,0,0,2,2,6,15,4,11,0,0,10,0,0,32
2024-08-15,Long Beach St. Beach,UCLA,Home,Loss,0,3,NA,1,0,0,0,3,2,10,0,2,3,0,0,3,2,8,18,12,11,0,0,5,0,0,99
2024-08-18,Long Beach St. Beach,San Diego,Away,Win,2,0,NA,1,2,3,7,16,7,12,0,4,7,0,0,0,0,0,7,1,14,0,2,1,0,0,99
2024-08-18,Longwood Lancers,Loyola Maryland,Home,Loss,0,1,NA,1,0,0,0,17,8,10,0,2,4,0,0,1,0,2,12,7,9,0,1,4,0,0,363
2024-08-15,Louisiana Ragin' Cajuns,McNeese,Away,Win,2,1,NA,1,2,2,6,21,11,12,0,0,3,0,0,1,1,3,6,4,7,0,0,3,0,0,671
2024-08-18,Louisiana Ragin' Cajuns,Louisiana Tech,Home,Draw,0,0,NA,1,0,0,0,21,10,11,0,0,2,0,0,0,0,0,7,0,8,0,0,4,0,0,671
2024-08-16,Louisiana Tech Lady Techsters,Nicholls,Away,Draw,0,0,NA,1,0,0,0,16,8,6,0,2,8,0,0,0,0,0,2,1,8,0,0,0,0,0,366
2024-08-18,Louisiana Tech Lady Techsters,Louisiana,Away,Draw,0,0,NA,1,0,0,0,7,0,8,0,0,4,0,0,0,0,0,21,10,11,0,0,2,0,0,366
2024-08-15,Louisville Cardinals,Bellarmine,Home,Win,7,0,NA,1,7,6,20,25,19,8,0,1,6,0,0,0,0,0,3,2,9,0,0,1,0,0,367
2024-08-18,Louisville Cardinals,UAB,Home,Win,3,1,NA,1,3,3,9,11,5,13,0,0,3,0,0,1,0,2,2,2,7,0,2,3,1,1,367
2024-08-15,Loyola Chicago Ramblers,Eastern Ill.,Home,Win,4,0,NA,1,4,3,11,22,9,11,0,1,11,0,0,0,0,0,5,1,3,0,1,3,0,0,371
2024-08-15,Loyola Maryland Greyhounds,Dayton,Home,Loss,1,2,NA,1,1,1,3,12,5,13,0,3,2,0,0,2,0,4,12,8,13,0,3,0,1,1,369
2024-08-18,Loyola Maryland Greyhounds,Longwood,Away,Win,1,0,NA,1,1,0,2,12,7,9,0,1,4,0,0,0,0,0,17,8,10,0,2,4,0,0,369
2024-08-15,Maine Black Bears,Le Moyne,Away,Win,4,0,NA,1,4,6,14,26,12,7,0,0,9,0,0,0,0,0,2,0,7,0,0,1,0,0,380
2024-08-18,Maine Black Bears,Syracuse,Away,Draw,1,1,NA,1,1,2,4,15,5,12,0,0,4,0,0,1,0,2,10,2,5,0,0,6,0,0,380
2024-08-16,Marist Red Foxes,Seton Hall,Away,Loss,1,2,NA,1,1,1,3,2,2,6,0,1,3,0,0,2,2,6,12,7,2,0,0,5,1,1,386
2024-08-15,Marquette Golden Eagles,Colorado,Away,Loss,0,3,NA,1,0,0,0,10,3,10,0,1,8,0,0,3,2,8,14,10,5,0,0,2,0,1,387
2024-08-18,Marquette Golden Eagles,Kansas City,Home,Draw,1,1,NA,1,1,1,3,8,1,4,0,1,10,0,0,1,2,4,10,4,7,0,1,4,0,0,387
2024-08-15,Marshall Thundering Herd,Morehead St.,Home,Draw,1,1,NA,1,1,1,3,8,3,12,0,0,3,0,0,1,1,3,9,5,8,0,1,4,0,0,388
2024-08-15,"Maryland Terrapins, Terps",Lehigh,Away,Win,2,0,NA,1,2,2,6,6,4,6,0,1,3,0,0,0,0,0,14,7,8,0,0,4,0,0,392
2024-08-18,"Maryland Terrapins, Terps",Stony Brook,Home,Draw,2,2,NA,1,2,1,5,15,6,4,0,1,6,0,0,2,2,6,9,7,11,0,1,9,0,0,392
2024-08-15,Massachusetts Minutewomen,Syracuse,Away,Loss,0,2,NA,1,0,0,0,18,3,11,0,2,11,0,0,2,1,5,4,4,6,0,2,3,0,0,400
2024-08-15,McNeese Cowgirls,Louisiana,Home,Loss,1,2,NA,1,1,1,3,6,4,7,0,0,3,0,0,2,2,6,21,11,12,0,0,3,0,0,402
2024-08-18,McNeese Cowgirls,Jackson St.,Home,Win,2,1,NA,1,2,2,6,7,5,13,0,4,3,0,0,1,1,3,10,7,12,0,4,5,0,0,402
2024-08-15,Memphis Tigers,Alabama A&M,Home,Win,5,1,NA,1,5,2,12,23,14,3,0,0,15,0,0,1,1,3,1,1,4,0,0,1,0,0,404
2024-08-18,Memphis Tigers,Missouri,Away,Win,2,0,NA,1,2,3,7,8,4,10,0,1,3,0,0,0,0,0,6,1,8,0,0,0,0,0,404
2024-08-15,Mercer Bears,Kennesaw St.,Away,Win,2,1,NA,1,2,2,6,24,13,4,0,1,9,0,0,1,0,2,4,2,11,0,1,8,0,0,406
2024-08-15,Merrimack Warriors,UMass Lowell,Away,Win,1,0,NA,1,1,1,3,16,7,9,0,2,5,0,0,0,0,0,19,10,9,0,1,7,0,0,410
2024-08-18,Merrimack Warriors,Boston College,Away,Loss,1,5,NA,1,1,0,2,6,3,11,0,2,3,0,0,5,6,16,24,14,10,0,1,8,0,0,410
2024-08-15,Miami (FL) Hurricanes,North Florida,Home,Loss,0,1,NA,1,0,0,0,10,4,6,0,0,6,0,0,1,1,3,6,4,7,0,2,3,0,0,415
2024-08-18,Miami (FL) Hurricanes,Fla. Atlantic,Away,Draw,1,1,NA,1,1,1,3,9,6,9,0,0,6,0,0,1,1,3,6,2,9,0,0,1,0,0,415
2024-08-15,Miami (OH) RedHawks,Eastern Ky.,Home,Win,4,0,NA,1,4,3,11,18,6,10,0,0,4,0,0,0,0,0,7,5,11,0,0,2,0,0,414
2024-08-18,Miami (OH) RedHawks,Tennessee Tech,Away,Draw,2,2,NA,1,2,1,5,16,8,10,0,1,10,0,0,2,1,5,15,5,7,0,1,5,0,0,414
2024-08-15,Michigan Wolverines,Utah Valley,Home,Loss,1,2,NA,1,1,1,3,11,6,8,0,0,2,0,0,2,2,6,20,8,6,0,1,3,0,0,418
2024-08-18,Michigan Wolverines,Xavier,Away,Loss,0,3,NA,1,0,0,0,11,3,16,0,4,2,0,0,3,3,9,17,5,6,0,1,4,0,0,418
2024-08-15,Michigan St. Spartans,Notre Dame,Away,Win,2,1,NA,1,2,1,5,15,7,5,0,2,3,0,0,1,2,4,14,5,13,0,1,4,0,0,416
2024-08-18,Middle Tenn. Blue Raiders,Belmont,Home,Loss,1,2,NA,1,1,2,4,17,6,3,0,0,4,0,0,2,2,6,6,5,12,0,1,1,0,0,419
2024-08-15,Milwaukee Panthers,Xavier,Away,Loss,2,4,NA,1,2,2,6,4,3,7,0,0,3,0,0,4,3,11,19,6,13,0,1,6,1,1,797
2024-08-15,Minnesota Golden Gophers,Creighton,Home,Win,2,1,NA,1,2,4,8,12,8,8,0,1,3,0,0,1,0,2,5,2,11,0,4,1,0,0,428
2024-08-15,Mississippi St. Bulldogs,Baylor,Home,Win,1,0,NA,1,1,2,4,17,4,14,0,1,3,0,0,0,0,0,5,1,10,0,0,5,0,0,430
2024-08-18,Mississippi St. Bulldogs,Northwestern St.,Home,Win,4,0,NA,1,4,3,11,29,11,8,0,1,10,1,1,0,0,0,1,0,13,0,2,1,0,0,430
2024-08-15,Mississippi Val. Devilettes,Southern Miss.,Away,Loss,0,5,NA,1,0,0,0,5,3,9,0,1,0,0,0,5,4,14,43,20,9,0,1,9,0,1,432
2024-08-15,Missouri Tigers,Missouri St.,Home,Win,2,0,NA,1,2,2,6,15,6,13,0,3,6,0,0,0,0,0,11,4,10,0,0,2,0,0,434
2024-08-18,Missouri Tigers,Memphis,Home,Loss,0,2,NA,1,0,0,0,6,1,8,0,0,0,0,0,2,3,7,8,4,10,0,1,3,0,0,434
2024-08-15,Missouri St. Bears,Missouri,Away,Loss,0,2,NA,1,0,0,0,11,4,10,0,0,2,0,0,2,2,6,15,6,13,0,3,6,0,0,669
2024-08-18,Missouri St. Bears,Tulsa,Home,Win,1,0,NA,1,1,1,3,24,13,11,0,1,10,0,0,0,0,0,11,3,8,1,2,5,0,0,669
2024-08-15,Monmouth Hawks,Temple,Away,Win,1,0,NA,1,1,0,2,24,15,7,0,1,11,0,0,0,0,0,6,4,8,0,1,2,0,0,439
2024-08-16,Montana Grizzlies,Colorado Col.,Home,Win,1,0,NA,1,1,1,3,12,6,17,0,2,4,0,0,0,0,0,5,4,15,0,0,2,0,0,441
2024-08-18,Montana Grizzlies,Oregon St.,Home,Win,3,0,NA,1,3,3,9,18,9,14,0,2,3,0,0,0,0,0,6,1,10,0,1,5,0,0,441
2024-08-15,Morehead St. Eagles,Marshall,Away,Draw,1,1,NA,1,1,1,3,9,5,8,0,1,4,0,0,1,1,3,8,3,12,0,0,3,0,0,444
2024-08-18,Morehead St. Eagles,Kentucky,Away,Loss,0,2,NA,1,0,0,0,2,0,12,0,3,0,0,0,2,0,4,25,8,8,0,1,10,1,1,444
2024-08-15,Mount St. Mary's Mountaineers,Hampton,Home,Win,4,0,NA,1,4,3,11,20,12,5,0,0,9,1,1,0,0,0,9,2,11,0,0,3,0,0,450
2024-08-18,Mount St. Mary's Mountaineers,Delaware St.,Away,Win,2,0,NA,1,2,0,4,24,10,6,0,0,7,0,0,0,0,0,3,1,8,0,0,1,0,0,450
2024-08-15,Murray St. Racers,Cincinnati,Away,Loss,1,2,NA,1,1,0,2,10,2,8,0,2,2,1,1,2,1,5,21,11,10,0,2,10,0,0,454
2024-08-18,Murray St. Racers,Southeast Mo. St.,Away,Win,2,1,NA,1,2,0,4,9,4,12,0,0,6,0,0,1,0,2,6,1,15,0,1,2,0,0,454
2024-08-15,NC State Wolfpack,App State,Home,Draw,0,0,NA,1,0,0,0,8,4,8,0,0,4,0,0,0,0,0,8,0,10,0,1,8,0,0,490
2024-08-18,NC State Wolfpack,East Carolina,Home,Loss,0,1,NA,1,0,0,0,9,3,6,0,5,4,0,0,1,0,2,11,4,12,0,1,3,0,0,490
2024-08-15,NIU Huskies,DePaul,Away,Draw,0,0,NA,1,0,0,0,10,7,12,0,2,6,0,0,0,0,0,3,0,9,0,2,3,0,0,503
2024-08-15,NJIT Highlanders,Rutgers,Home,Loss,0,1,NA,1,0,0,0,8,4,11,0,1,5,0,0,1,1,3,27,5,7,0,3,15,0,0,471
2024-08-15,Navy Midshipmen,UTSA,Away,Loss,1,2,NA,1,1,1,3,5,4,16,0,2,3,0,0,2,2,6,16,9,10,0,1,5,0,0,726
2024-08-18,Navy Midshipmen,Rice,Away,Loss,1,2,NA,1,1,1,3,12,4,13,0,0,4,0,0,2,4,8,21,14,6,0,0,11,0,0,726
2024-08-15,Nebraska Huskers,Oklahoma St.,Home,Loss,0,2,NA,1,0,0,0,22,4,11,0,2,9,0,0,2,3,7,13,5,19,0,1,3,0,0,463
2024-08-18,Nebraska Huskers,Colorado St.,Home,Win,3,2,NA,1,3,5,11,13,5,11,0,0,3,0,0,2,1,5,17,10,13,0,1,5,1,1,463
2024-08-15,Nevada Wolf Pack,Kansas St.,Away,Win,2,1,NA,1,2,2,6,15,6,12,0,1,3,0,0,1,1,3,20,11,8,0,0,5,0,0,466
2024-08-18,Nevada Wolf Pack,Southern Utah,Home,Win,2,1,NA,1,2,1,5,19,7,18,0,3,5,0,0,1,1,3,16,7,10,0,3,3,0,0,466
2024-08-15,New Hampshire Wildcats,Stonehill,Away,Win,2,0,NA,1,2,1,5,13,7,13,0,0,5,0,0,0,0,0,3,3,8,0,0,0,0,0,469
2024-08-18,New Hampshire Wildcats,Holy Cross,Home,Win,3,2,NA,1,3,3,9,21,6,7,0,1,5,1,1,2,1,5,5,4,12,1,1,3,0,0,469
2024-08-18,New Mexico Lobos,New Mexico St.,Away,Loss,1,3,NA,1,1,2,4,8,2,9,0,1,5,0,0,3,2,8,6,3,15,0,1,3,0,0,473
2024-08-15,New Mexico St. Aggies,Southern California,Home,Draw,2,2,NA,1,2,4,8,8,6,12,0,0,6,0,0,2,2,6,7,2,4,0,0,6,0,0,472
2024-08-18,New Mexico St. Aggies,New Mexico,Home,Win,3,1,NA,1,3,2,8,6,3,15,0,1,3,0,0,1,2,4,8,2,9,0,1,5,0,0,472
2024-08-15,Niagara Purple Eagles,Saint Francis,Home,Loss,1,2,NA,1,1,0,2,10,6,8,0,3,5,0,0,2,2,6,11,8,9,0,4,4,0,0,482
2024-08-18,Niagara Purple Eagles,Mercyhurst,Home,Win,2,0,NA,1,2,2,6,27,14,5,0,0,9,0,0,0,0,0,9,5,6,0,0,4,0,0,482
2024-08-16,Nicholls Colonels,Louisiana Tech,Home,Draw,0,0,NA,1,0,0,0,2,1,8,0,0,0,0,0,0,0,0,16,8,6,0,2,8,0,0,483
2024-08-18,Nicholls Colonels,Grambling,Home,Loss,0,2,NA,1,0,0,0,7,3,4,0,0,2,0,0,2,2,6,14,5,12,0,1,7,0,0,483
2024-08-15,North Ala. Lions,UT Martin,Home,Win,1,0,NA,1,1,1,3,11,6,6,0,0,5,0,0,0,0,0,8,5,15,0,1,5,0,0,487
2024-08-18,North Ala. Lions,"Jacksonville St. Huntsville, AL",Away,Loss,0,5,NA,1,0,0,0,4,2,14,0,1,5,0,0,5,6,16,12,6,9,0,0,4,0,0,487
2024-08-15,North Carolina Tar Heels,Denver,Away,Win,2,1,NA,1,2,1,5,19,5,8,0,1,1,0,0,1,0,2,4,2,13,0,2,4,1,1,457
2024-08-18,North Carolina Tar Heels,Colorado,Away,Win,3,2,NA,1,3,3,9,23,13,3,0,0,4,0,0,2,2,6,11,5,8,0,1,2,0,0,457
2024-08-15,North Dakota Fighting Hawks,A&M-Corpus Christi,Away,Draw,1,1,NA,1,1,1,3,19,12,12,0,1,4,0,0,1,2,4,11,7,13,0,2,4,0,0,494
2024-08-15,North Dakota St. Bison,Viterbo,Away,Win,3,1,NA,1,3,3,9,37,14,16,0,0,4,0,0,1,0,2,6,3,8,0,0,0,0,0,493
2024-08-18,North Dakota St. Bison,Green Bay,Away,Draw,0,0,NA,1,0,0,0,15,6,19,0,1,2,0,0,0,0,0,7,5,17,0,1,1,0,0,493
2024-08-15,North Florida Ospreys,Miami (FL),Away,Win,1,0,NA,1,1,1,3,6,4,7,0,2,3,0,0,0,0,0,10,4,6,0,0,6,0,0,2711
2024-08-18,North Florida Ospreys,Florida St.,Away,Loss,0,10,NA,1,0,0,0,2,1,6,0,0,0,0,0,10,7,27,37,23,7,0,0,8,0,0,2711
2024-08-15,North Texas Mean Green,Oklahoma,Home,Loss,0,1,NA,1,0,0,0,6,4,12,0,1,3,0,0,1,0,2,10,3,18,0,0,4,0,0,497
2024-08-17,North Texas Mean Green,Alabama,Home,Loss,1,2,NA,1,1,2,4,13,7,13,0,4,4,0,0,2,3,7,13,2,12,0,3,4,0,0,497
2024-08-18,Northeastern Huskies,Boston U.,Away,Draw,1,1,NA,1,1,0,2,8,3,11,0,2,0,0,1,1,0,2,14,6,10,0,0,11,0,0,500
2024-08-16,Northern Ariz. Lumberjacks,Arizona St.,Away,Draw,1,1,NA,1,1,1,3,9,5,3,0,0,4,0,0,1,1,3,12,7,7,0,2,6,0,0,501
2024-08-15,Northern Colo. Bears,Air Force,Home,Loss,0,4,NA,1,0,0,0,3,1,9,0,1,3,0,0,4,5,13,15,10,5,0,1,9,0,0,502
2024-08-15,Northern Ky. Norse,Western Mich.,Away,Loss,0,3,NA,1,0,0,0,10,6,10,0,0,1,0,0,3,6,12,31,14,14,0,0,6,0,0,505
2024-08-15,Northwestern Wildcats,Boston U.,Away,Win,3,2,NA,1,3,1,7,15,9,6,0,2,2,0,0,2,2,6,5,3,8,0,1,5,0,0,509
2024-08-18,Northwestern Wildcats,Virginia,Away,Loss,0,2,NA,1,0,0,0,8,2,8,0,1,4,0,0,2,0,4,9,1,7,0,1,5,0,0,509
2024-08-15,Northwestern St. Lady Demons,SMU,Away,Loss,0,3,NA,1,0,0,0,5,1,3,0,1,2,0,0,3,2,8,31,14,8,0,1,11,0,0,508
2024-08-18,Northwestern St. Lady Demons,Mississippi St.,Away,Loss,0,4,NA,1,0,0,0,1,0,13,0,2,1,0,0,4,3,11,29,11,8,0,1,10,1,1,508
2024-08-15,Notre Dame Fighting Irish,Michigan St.,Home,Loss,1,2,NA,1,1,2,4,14,5,13,0,1,4,0,0,2,1,5,15,7,5,0,2,3,0,0,513
2024-08-18,Notre Dame Fighting Irish,Samford,Away,Win,6,0,NA,1,6,5,17,28,14,8,0,0,4,0,0,0,0,0,12,2,11,0,6,1,0,0,513
2024-08-15,Oakland Golden Grizzlies,Eastern Mich.,Away,Loss,0,1,NA,1,0,0,0,5,1,5,0,0,4,0,0,1,2,4,10,5,14,0,0,9,0,0,514
2024-08-15,Ohio Bobcats,Butler,Away,Draw,1,1,NA,1,1,0,2,9,5,7,0,0,3,0,0,1,2,4,16,8,6,0,0,7,0,0,519
2024-08-15,Ohio St. Buckeyes,Duke,Home,Win,1,0,NA,1,1,0,2,9,3,7,0,0,0,0,0,0,0,0,21,11,4,0,0,5,0,0,518
2024-08-15,Oklahoma Sooners,North Texas,Away,Win,1,0,NA,1,1,0,2,10,3,18,0,0,4,0,0,0,0,0,6,4,12,0,1,3,0,0,522
2024-08-18,Oklahoma Sooners,FIU,Home,Win,2,1,NA,1,2,2,6,14,5,8,0,0,10,0,0,1,0,2,6,5,8,1,0,3,1,1,522
2024-08-15,Oklahoma St. Cowgirls,Nebraska,Away,Win,2,0,NA,1,2,3,7,13,5,19,0,1,3,0,0,0,0,0,22,4,11,0,2,9,0,0,521
2024-08-18,Oklahoma St. Cowgirls,Oral Roberts,Home,Win,1,0,NA,1,1,2,4,34,15,10,0,0,6,0,0,0,0,0,4,4,9,0,5,3,0,0,521
2024-08-15,Old Dominion Monarchs,VCU,Home,Win,2,1,NA,1,2,1,5,13,7,6,0,1,4,0,0,1,0,2,10,6,9,0,0,9,0,0,523
2024-08-18,Old Dominion Monarchs,Liberty,Away,Loss,0,2,NA,1,0,0,0,8,6,4,0,1,5,0,0,2,2,6,9,2,4,0,0,6,0,0,523
2024-08-15,Ole Miss Rebels,Southern U.,Home,Win,4,0,NA,1,4,2,10,33,16,11,0,1,6,0,0,0,0,0,3,0,2,0,0,1,0,0,433
2024-08-15,Omaha Mavericks,SIUE,Home,Draw,1,1,NA,1,1,1,3,10,4,6,0,0,8,0,0,1,2,4,9,4,12,0,0,3,0,0,464
2024-08-18,Omaha Mavericks,Lindenwood,Home,Win,2,0,NA,1,2,3,7,11,6,7,0,0,9,0,0,0,0,0,5,3,9,0,0,1,0,0,464
2024-08-15,Oral Roberts Golden Eagles,Tex. A&M-Commerce,Away,Loss,1,4,NA,1,1,1,3,10,2,11,0,2,4,0,1,4,3,11,13,6,11,0,3,8,0,0,527
2024-08-18,Oral Roberts Golden Eagles,Oklahoma St.,Away,Loss,0,1,NA,1,0,0,0,4,4,9,0,5,3,0,0,1,2,4,34,15,10,0,0,6,0,0,527
2024-08-15,Oregon Ducks,Seattle U,Home,Win,1,0,NA,1,1,2,4,21,11,11,0,1,5,0,0,0,0,0,8,1,8,0,0,1,0,0,529
2024-08-18,Oregon Ducks,Portland St.,Home,Win,2,0,NA,1,2,2,6,20,9,7,0,0,6,0,0,0,0,0,9,2,8,0,1,2,0,0,529
2024-08-18,Oregon St. Beavers,Montana,Away,Loss,0,3,NA,1,0,0,0,6,1,10,0,1,5,0,0,3,3,9,18,9,14,0,2,3,0,0,528
2024-08-15,Pacific Tigers,Houston Christian,Home,Win,2,1,NA,1,2,2,6,10,3,4,1,1,3,0,0,1,0,2,15,8,6,0,0,7,0,0,534
2024-08-18,Pacific Tigers,Arizona,Away,Loss,0,5,NA,1,0,0,0,3,0,12,0,1,1,0,0,5,1,11,17,7,9,0,0,4,1,1,534
2024-08-15,Penn St. Nittany Lions,Texas Tech,Home,Win,4,0,NA,1,4,2,10,16,8,10,0,0,7,1,1,0,0,0,8,2,14,0,0,3,0,1,539
2024-08-15,Pepperdine Waves,"Utah St. Waipahu, HI",Away,Loss,0,4,NA,1,0,0,0,5,3,6,0,0,0,0,1,4,6,14,19,8,12,0,1,4,0,0,541
2024-08-18,Pepperdine Waves,"Ga. Southern Waipahu, HI",Away,Win,2,1,NA,1,2,2,6,14,8,7,0,0,6,0,0,1,0,2,6,3,5,0,1,3,0,0,541
2024-08-15,Pittsburgh Panthers,Georgia,Away,Draw,0,0,NA,1,0,0,0,18,5,10,0,1,7,0,0,0,0,0,10,4,9,0,1,4,0,0,545
2024-08-18,Pittsburgh Panthers,"Duquesne Pittsburgh, PA",Away,Win,2,1,NA,1,2,2,6,22,11,5,0,0,9,0,0,1,0,2,11,4,12,0,0,1,0,0,545
2024-08-15,Portland Pilots,Cal Poly,Away,Draw,1,1,NA,1,1,1,3,9,4,4,0,1,6,0,0,1,1,3,16,7,11,0,1,3,0,0,551
2024-08-18,Portland Pilots,Stonehill,Home,Win,7,0,NA,1,7,3,17,21,11,8,0,0,11,1,1,0,0,0,4,2,6,0,0,0,0,0,551
2024-08-16,Portland St. Vikings,Boise St.,Away,Loss,1,2,NA,1,1,1,3,13,2,10,0,0,4,0,0,2,2,6,24,9,12,0,2,5,0,0,550
2024-08-18,Portland St. Vikings,Oregon,Away,Loss,0,2,NA,1,0,0,0,9,2,8,0,1,2,0,0,2,2,6,20,9,7,0,0,6,0,0,550
2024-08-15,Prairie View Lady Panthers,North American,Home,Win,2,1,NA,1,2,1,5,16,11,9,0,1,5,1,1,1,1,3,9,7,3,0,2,0,0,0,553
2024-08-15,Presbyterian Blue Hose,Wofford,Away,Win,3,2,NA,1,3,2,8,13,6,10,0,1,4,0,0,2,2,6,8,4,13,0,1,3,0,0,1320
2024-08-18,Presbyterian Blue Hose,Col. of Charleston,Home,Loss,0,1,NA,1,0,0,0,5,1,9,0,0,2,0,0,1,1,3,20,10,7,0,2,10,0,0,1320
2024-08-15,Providence Friars,Rhode Island,Home,Win,1,0,NA,1,1,2,4,8,3,5,0,0,5,0,0,0,0,0,4,0,4,0,0,1,0,0,556
2024-08-15,Purdue Boilermakers,Washington St.,Home,Win,1,0,NA,1,1,1,3,16,7,9,0,2,9,0,0,0,0,0,7,3,11,0,2,1,0,0,559
2024-08-18,Purdue Boilermakers,Butler,Away,Loss,0,3,NA,1,0,0,0,3,2,13,0,1,0,0,0,3,2,8,25,9,6,0,1,11,0,0,559
2024-08-15,Purdue Fort Wayne Mastodons,Ball St.,Away,Loss,0,4,NA,1,0,0,0,8,4,7,0,0,2,0,0,4,4,12,28,12,9,0,0,9,1,1,308
2024-08-18,Purdue Fort Wayne Mastodons,Illinois St.,Home,Draw,0,0,NA,1,0,0,0,9,1,9,0,0,1,0,0,0,0,0,8,5,5,0,0,3,0,0,308
2024-08-15,Queens (NC) Royals,USC Upstate,Home,Loss,0,2,NA,1,0,0,0,5,2,6,0,0,1,0,0,2,1,5,15,5,7,0,1,2,0,0,11504
2024-08-18,Queens (NC) Royals,South Carolina St.,Away,Win,2,0,NA,1,2,0,4,17,9,13,0,2,2,1,3,0,0,0,9,5,8,0,0,3,0,1,11504
2024-08-15,Quinnipiac Bobcats,Hofstra,Home,Draw,1,1,NA,1,1,1,3,4,2,9,0,1,6,0,0,1,1,3,11,7,8,0,1,6,0,0,562
2024-08-15,Radford Highlanders,William & Mary,Home,Win,4,1,NA,1,4,6,14,6,5,6,0,0,1,0,0,1,1,3,20,7,9,0,0,7,0,0,563
2024-08-18,Radford Highlanders,West Virginia,Away,Loss,0,5,NA,1,0,0,0,5,3,7,0,2,2,0,0,5,6,16,21,10,15,0,1,8,0,1,563
2024-08-15,Rhode Island Rams,Providence,Away,Loss,0,1,NA,1,0,0,0,4,0,4,0,0,1,0,0,1,2,4,8,3,5,0,0,5,0,0,572
2024-08-15,Rice Owls,Texas St.,Home,Win,2,1,NA,1,2,1,5,19,8,8,0,0,6,0,0,1,0,2,11,5,7,0,3,5,0,0,574
2024-08-18,Rice Owls,Navy,Home,Win,2,1,NA,1,2,4,8,21,14,6,0,0,11,0,0,1,1,3,12,4,13,0,0,4,0,0,574
2024-08-15,Richmond Spiders,Coastal Carolina,Away,Draw,1,1,NA,1,1,1,3,6,3,15,0,3,3,0,0,1,1,3,13,6,6,0,0,5,0,1,575
2024-08-15,Rider Broncs,Wagner,Away,Draw,0,0,NA,1,0,0,0,9,5,7,0,0,4,0,0,0,0,0,10,5,5,0,0,4,0,0,576
2024-08-18,Robert Morris Colonials,Le Moyne,Home,Win,5,0,NA,1,5,6,16,15,10,10,0,0,6,0,0,0,0,0,6,2,8,0,0,4,0,0,579
2024-08-15,Rutgers Scarlet Knights,NJIT,Away,Win,1,0,NA,1,1,1,3,27,5,7,0,3,15,0,0,0,0,0,8,4,11,0,1,5,0,0,587
2024-08-18,Rutgers Scarlet Knights,Wake Forest,Home,Draw,1,1,NA,1,1,1,3,6,3,10,0,1,2,0,0,1,2,4,13,3,12,0,2,8,0,0,587
2024-08-15,SFA Ladyjacks,Sam Houston,Away,Draw,1,1,NA,1,1,1,3,10,3,7,0,1,2,0,0,1,1,3,9,5,7,0,0,4,0,0,676
2024-08-15,SIUE Cougars,Omaha,Away,Draw,1,1,NA,1,1,2,4,9,4,12,0,0,3,0,0,1,1,3,10,4,6,0,0,8,0,0,660
2024-08-15,SMU Mustangs,Northwestern St.,Home,Win,3,0,NA,1,3,2,8,31,14,8,0,1,11,0,0,0,0,0,5,1,3,0,1,2,0,0,663
2024-08-18,SMU Mustangs,Texas Southern,Home,Win,6,0,NA,1,6,4,16,26,11,8,0,0,8,0,0,0,0,0,0,0,7,0,1,0,0,0,663
2024-08-15,Sacramento St. Hornets,UC Davis,Away,Loss,0,2,NA,1,0,0,0,5,3,11,0,1,2,0,0,2,3,7,14,8,6,0,0,2,0,0,102
2024-08-17,Sacramento St. Hornets,Houston Christian,Home,Win,3,1,NA,1,3,2,8,20,9,8,0,0,5,0,0,1,1,3,15,2,9,0,0,1,0,0,102
2024-08-18,Sacred Heart Pioneers,La Salle,Home,Loss,1,2,NA,1,1,0,2,11,4,16,0,1,1,0,0,2,2,6,14,6,13,0,1,7,0,0,590
2024-08-15,Saint Francis  The Red Flash,Niagara,Away,Win,2,1,NA,1,2,2,6,11,8,9,0,4,4,0,0,1,0,2,10,6,8,0,3,5,0,0,600
2024-08-18,Saint Francis  The Red Flash,Iona,Home,Draw,0,0,NA,1,0,0,0,9,4,7,0,1,3,0,0,0,0,0,9,3,17,0,0,9,0,0,600
2024-08-16,Saint Joseph's Hawks,Drexel,Home,Win,2,1,NA,1,2,3,7,10,4,21,0,1,4,0,0,1,1,3,11,5,11,0,0,6,0,1,606
2024-08-15,Saint Louis Billikens,Kansas City,Home,Draw,0,0,NA,1,0,0,0,12,5,2,0,0,16,0,0,0,0,0,3,0,4,0,0,0,0,0,609
2024-08-15,Saint Mary's (CA) Gaels,UC Irvine,Home,Loss,0,3,NA,1,0,0,0,9,2,12,1,2,4,0,0,3,2,8,11,5,10,0,2,5,0,0,610
2024-08-18,Saint Mary's (CA) Gaels,San Jose St.,Away,Draw,0,0,NA,1,0,0,0,11,2,14,0,2,7,0,0,0,0,0,8,2,14,1,2,2,0,0,610
2024-08-15,Saint Peter's Peacocks,Howard,Away,Loss,2,4,NA,1,2,3,7,10,6,14,0,2,3,0,0,4,2,10,20,9,7,0,3,3,1,1,617
2024-08-15,Sam Houston Bearkats,SFA,Home,Draw,1,1,NA,1,1,1,3,9,5,7,0,0,4,0,0,1,1,3,10,3,7,0,1,2,0,0,624
2024-08-18,Sam Houston Bearkats,Houston,Away,Win,3,1,NA,1,3,3,9,6,4,7,0,2,1,0,0,1,1,3,20,9,5,0,0,11,0,0,624
2024-08-15,Samford Bulldogs,Tennessee Tech,Home,Win,3,1,NA,1,3,3,9,15,7,13,0,1,7,0,0,1,1,3,8,6,8,0,0,3,0,0,625
2024-08-18,Samford Bulldogs,Notre Dame,Home,Loss,0,6,NA,1,0,0,0,12,2,11,0,6,1,0,0,6,5,17,28,14,8,0,0,4,0,0,625
2024-08-15,San Diego Toreros,Cal St. Fullerton,Away,Loss,0,3,NA,1,0,0,0,5,2,9,0,2,2,0,0,3,3,9,17,8,10,0,0,4,0,0,627
2024-08-18,San Diego Toreros,Long Beach St.,Home,Loss,0,2,NA,1,0,0,0,7,1,14,0,2,1,0,0,2,3,7,16,7,12,0,4,7,0,0,627
2024-08-15,San Diego St. Aztecs,CSU Bakersfield,Home,Win,3,0,NA,1,3,2,8,13,9,11,0,1,8,1,1,0,0,0,7,4,13,0,1,6,0,0,626
2024-08-18,San Diego St. Aztecs,Weber St.,Home,Draw,1,1,NA,1,1,1,3,17,5,11,0,1,4,0,0,1,1,3,10,4,5,0,0,1,0,0,626
2024-08-15,San Francisco Dons,Stanford,Home,Loss,0,1,NA,1,0,0,0,3,1,4,0,1,0,0,0,1,0,2,30,14,5,0,0,9,0,0,629
2024-08-18,San Francisco Dons,UC San Diego,Home,Win,3,0,NA,1,3,1,7,13,6,12,0,0,3,0,0,0,0,0,7,1,9,0,1,2,0,0,629
2024-08-15,San Jose St. Spartans,Santa Clara,Home,Loss,0,4,NA,1,0,0,0,7,3,11,0,0,3,0,0,4,2,10,16,9,11,0,0,3,0,1,630
2024-08-18,San Jose St. Spartans,Saint Mary's (CA),Home,Draw,0,0,NA,1,0,0,0,8,2,14,1,2,2,0,0,0,0,0,11,2,14,0,2,7,0,0,630
2024-08-15,Santa Clara Broncos,San Jose St.,Away,Win,4,0,NA,1,4,2,10,16,9,11,0,0,3,0,1,0,0,0,7,3,11,0,0,3,0,0,631
2024-08-18,Santa Clara Broncos,California,Home,Win,2,1,NA,1,2,1,5,12,4,9,1,1,5,1,1,1,0,2,9,1,10,0,3,7,1,1,631
2024-08-15,Seattle U Redhawks,Oregon,Away,Loss,0,1,NA,1,0,0,0,8,1,8,0,0,1,0,0,1,2,4,21,11,11,0,1,5,0,0,1356
2024-08-18,Seattle U Redhawks,Idaho,Home,Win,3,1,NA,1,3,2,8,17,8,14,0,0,4,1,1,1,1,3,8,4,13,0,0,4,0,0,1356
2024-08-16,Seton Hall Pirates,Marist,Home,Win,2,1,NA,1,2,2,6,12,7,2,0,0,5,1,1,1,1,3,2,2,6,0,1,3,0,0,635
2024-08-18,Seton Hall Pirates,FDU,Away,Draw,0,0,NA,1,0,0,0,8,5,13,0,3,3,0,0,0,0,0,9,3,7,0,3,6,0,0,635
2024-08-15,Siena Saints,Lafayette,Away,Loss,0,3,NA,1,0,0,0,10,6,1,0,0,2,0,0,3,2,8,14,9,7,0,0,8,0,0,639
2024-08-18,Siena Saints,Bryant,Away,Win,1,0,NA,1,1,1,3,14,7,6,0,1,5,0,0,0,0,0,11,2,10,0,0,7,0,0,639
2024-08-15,South Alabama Jaguars,LSU,Home,Loss,0,3,NA,1,0,0,0,9,6,17,0,3,1,0,0,3,2,8,13,7,10,0,2,5,1,1,646
2024-08-18,South Carolina Gamecocks,Furman,Home,Win,5,1,NA,1,5,4,14,18,9,10,0,0,6,0,0,1,0,2,4,2,7,0,0,4,0,0,648
2024-08-15,South Carolina St. Lady Bulldogs,Col. of Charleston,Away,Loss,0,7,NA,1,0,0,0,2,1,8,0,2,0,0,0,7,5,19,31,16,8,0,0,8,1,1,647
2024-08-18,South Carolina St. Lady Bulldogs,Queens (NC),Home,Loss,0,2,NA,1,0,0,0,9,5,8,0,0,3,0,1,2,0,4,17,9,13,0,2,2,1,3,647
2024-08-15,South Dakota Coyotes,UNI,Away,Draw,1,1,NA,1,1,1,3,10,4,8,0,0,7,0,0,1,0,2,15,4,3,0,0,2,0,0,650
2024-08-18,South Dakota Coyotes,Morningside,Home,Win,5,0,NA,1,5,3,13,25,15,7,0,0,6,0,0,0,0,0,2,1,8,0,0,0,0,0,650
2024-08-15,South Dakota St. Jackrabbits,Kansas,Home,Loss,1,2,NA,1,1,0,2,13,5,6,0,0,6,0,0,2,4,8,12,6,13,0,2,0,0,0,649
2024-08-15,South Fla. Bulls,Florida St.,Home,Loss,0,5,NA,1,0,0,0,9,3,7,0,1,3,0,0,5,5,15,23,11,6,0,3,7,0,0,651
2024-08-18,South Fla. Bulls,Jacksonville,Home,Win,5,1,NA,1,5,6,16,21,9,16,0,0,11,0,0,1,0,2,2,2,5,0,0,1,0,0,651
2024-08-18,Southeast Mo. St. Redhawks,Murray St.,Home,Loss,1,2,NA,1,1,0,2,6,1,15,0,1,2,0,0,2,0,4,9,4,12,0,0,6,0,0,654
2024-08-16,Southeastern La. Lady Lions,Grambling,Home,Draw,0,0,NA,1,0,0,0,8,4,7,0,0,2,0,0,0,0,0,7,2,18,0,1,4,0,0,655
2024-08-15,Southern California Trojans,New Mexico St.,Away,Draw,2,2,NA,1,2,2,6,7,2,4,0,0,6,0,0,2,4,8,8,6,12,0,0,6,0,0,657
2024-08-18,Southern California Trojans,California Baptist,Away,Win,1,0,NA,1,1,2,4,23,8,10,0,1,10,0,1,0,0,0,9,5,10,0,1,5,0,0,657
2024-08-15,Southern Ill. Salukis,Jackson St.,Away,Draw,2,2,NA,1,2,2,6,13,8,11,0,0,5,0,0,2,0,4,11,5,9,0,0,6,0,0,659
2024-08-18,Southern Ill. Salukis,UT Martin,Away,Draw,0,0,NA,1,0,0,0,18,9,7,0,1,9,0,0,0,0,0,17,6,8,0,2,10,0,0,659
2024-08-18,Southern Ind. Screaming Eagles,Arkansas St.,Away,Loss,0,3,NA,1,0,0,0,11,4,12,0,2,1,0,0,3,3,9,18,9,8,0,1,7,1,1,661
2024-08-15,Southern Miss. Golden Eagles,Mississippi Val.,Home,Win,5,0,NA,1,5,4,14,43,20,9,0,1,9,0,1,0,0,0,5,3,9,0,1,0,0,0,664
2024-08-15,Southern U. Lady Jaguars,Ole Miss,Away,Loss,0,4,NA,1,0,0,0,3,0,2,0,0,1,0,0,4,2,10,33,16,11,0,1,6,0,0,665
2024-08-18,Southern U. Lady Jaguars,ULM,Home,Loss,0,2,NA,1,0,0,0,3,1,15,0,2,1,0,0,2,0,4,12,7,11,0,3,2,0,0,665
2024-08-15,Southern Utah Thunderbirds,UNLV,Away,Loss,1,3,NA,1,1,0,2,19,8,5,0,0,6,1,1,3,2,8,11,5,9,0,2,3,1,1,667
2024-08-18,Southern Utah Thunderbirds,Nevada,Away,Loss,1,2,NA,1,1,1,3,16,7,10,0,3,3,0,0,2,1,5,19,7,18,0,3,5,0,0,667
2024-08-15,St. Bonaventure Bonnies,Buffalo,Away,Loss,0,1,NA,1,0,0,0,2,1,9,0,1,0,0,0,1,1,3,23,10,8,0,1,9,0,0,596
2024-08-18,St. Bonaventure Bonnies,Baylor,Away,Loss,2,5,NA,1,2,1,5,8,4,11,0,0,0,1,1,5,3,13,27,13,9,0,0,3,0,0,596
2024-08-18,St. John's (NY) Red Storm,Colgate,Home,Win,2,0,NA,1,2,0,4,19,10,12,0,0,10,1,1,0,0,0,8,5,6,0,0,6,0,0,603
2024-08-15,St. Thomas (MN) Tommies,Drake,Home,Draw,1,1,NA,1,1,0,2,16,4,11,0,1,8,1,1,1,1,3,13,9,7,0,1,4,0,0,620
2024-08-15,Stanford Cardinal,San Francisco,Away,Win,1,0,NA,1,1,0,2,30,14,5,0,0,9,0,0,0,0,0,3,1,4,0,1,0,0,0,674
2024-08-18,Stanford Cardinal,UC Irvine,Home,Win,3,0,NA,1,3,3,9,17,9,9,0,1,5,1,1,0,0,0,5,3,9,0,1,2,0,0,674
2024-08-15,Stetson Hatters,Gardner-Webb,Away,Win,2,1,NA,1,2,2,6,9,4,4,0,1,6,0,0,1,1,3,10,4,8,0,2,3,0,0,678
2024-08-18,Stetson Hatters,Wofford,Away,Loss,0,1,NA,1,0,0,0,12,6,8,0,1,2,0,0,1,0,2,12,5,15,0,0,4,0,0,678
2024-08-15,Stonehill Skyhawks,New Hampshire,Home,Loss,0,2,NA,1,0,0,0,3,3,8,0,0,0,0,0,2,1,5,13,7,13,0,0,5,0,0,682
2024-08-18,Stonehill Skyhawks,Portland,Away,Loss,0,7,NA,1,0,0,0,4,2,6,0,0,0,0,0,7,3,17,21,11,8,0,0,11,1,1,682
2024-08-15,Stony Brook Seawolves,Colgate,Home,Win,2,1,NA,1,2,3,7,16,7,9,0,2,2,0,0,1,1,3,12,6,8,1,0,4,0,0,683
2024-08-18,Stony Brook Seawolves,Maryland,Away,Draw,2,2,NA,1,2,2,6,9,7,11,0,1,9,0,0,2,1,5,15,6,4,0,1,6,0,0,683
2024-08-15,Syracuse Orange,Massachusetts,Home,Win,2,0,NA,1,2,1,5,4,4,6,0,2,3,0,0,0,0,0,18,3,11,0,2,11,0,0,688
2024-08-18,Syracuse Orange,Maine,Home,Draw,1,1,NA,1,1,0,2,10,2,5,0,0,6,0,0,1,2,4,15,5,12,0,0,4,0,0,688
2024-08-15,TCU Horned Frogs,Alabama,Home,Win,3,0,NA,1,3,3,9,17,8,9,0,2,7,0,0,0,0,0,14,4,20,0,1,7,0,0,698
2024-08-18,TCU Horned Frogs,Charlotte,Away,Win,3,0,NA,1,3,2,8,22,6,6,0,0,7,0,1,0,0,0,5,2,12,0,0,0,0,0,698
2024-08-15,Tarleton St. Texans,UIW,Away,Draw,1,1,1,1,1,1,3,16,6,8,0,0,4,0,0,1,1,3,9,5,6,0,0,3,0,0,1395
2024-08-18,Tarleton St. Texans,A&M-Corpus Christi,Away,Draw,0,0,NA,1,0,0,0,8,3,16,0,0,6,0,0,0,0,0,7,6,7,0,3,4,0,0,1395
2024-08-15,Temple Owls,Monmouth,Home,Loss,0,1,NA,1,0,0,0,6,4,8,0,1,2,0,0,1,0,2,24,15,7,0,1,11,0,0,690
2024-08-18,Temple Owls,Villanova,Away,Loss,0,4,NA,1,0,0,0,7,5,8,0,0,1,0,0,4,4,12,20,11,6,0,0,7,0,0,690
2024-08-15,Tennessee Volunteers,Indiana,Away,Loss,0,1,NA,1,0,0,0,7,4,11,0,3,6,0,0,1,1,3,10,4,11,0,1,8,0,0,694
2024-08-18,Tennessee Volunteers,Chattanooga,Home,Win,2,0,NA,1,2,1,5,17,5,11,0,2,5,0,0,0,0,0,1,1,9,0,2,1,0,0,694
2024-08-15,Tennessee Tech Golden Eagles,Samford,Away,Loss,1,3,NA,1,1,1,3,8,6,8,0,0,3,0,0,3,3,9,15,7,13,0,1,7,0,0,692
2024-08-18,Tennessee Tech Golden Eagles,Miami (OH),Home,Draw,2,2,NA,1,2,1,5,15,5,7,0,1,5,0,0,2,1,5,16,8,10,0,1,10,0,0,692
2024-08-15,Tex. A&M-Commerce Lions,Oral Roberts,Home,Win,4,1,NA,1,4,3,11,13,6,11,0,3,8,0,0,1,1,3,10,2,11,0,2,4,0,1,199
2024-08-15,Texas Longhorns,Houston,Home,Win,1,0,NA,1,1,2,4,24,8,2,0,0,8,0,0,0,0,0,6,3,10,0,1,3,0,0,703
2024-08-18,Texas Longhorns,CSU Bakersfield,Home,Win,4,0,NA,1,4,3,11,36,21,10,0,0,10,0,0,0,0,0,5,4,9,0,0,3,0,0,703
2024-08-15,Texas A&M Aggies,Lamar University,Away,Win,5,0,NA,1,5,6,16,25,11,6,0,0,6,0,0,0,0,0,6,3,13,0,1,0,0,0,697
2024-08-15,Texas Southern Lady Tigers,UTRGV,Away,Win,1,0,NA,1,1,1,3,2,1,13,0,1,2,0,0,0,0,0,9,4,10,0,1,8,0,0,699
2024-08-18,Texas Southern Lady Tigers,SMU,Away,Loss,0,6,NA,1,0,0,0,0,0,7,0,1,0,0,0,6,4,16,26,11,8,0,0,8,0,0,699
2024-08-15,Texas St. Bobcats,Rice,Away,Loss,1,2,NA,1,1,0,2,11,5,7,0,3,5,0,0,2,1,5,19,8,8,0,0,6,0,0,670
2024-08-15,Texas Tech Red Raiders,Penn St.,Away,Loss,0,4,NA,1,0,0,0,8,2,14,0,0,3,0,1,4,2,10,16,8,10,0,0,7,1,1,700
2024-08-18,Texas Tech Red Raiders,CSUN,Home,Win,4,0,NA,1,4,4,12,31,16,9,0,0,6,0,0,0,0,0,3,3,8,0,1,0,0,0,700
2024-08-15,"The Citadel Bulldogs, Cadets",UNC Asheville,Home,Win,2,1,NA,1,2,1,5,5,3,5,0,0,3,0,0,1,1,3,13,5,9,0,0,4,0,0,141
2024-08-18,"The Citadel Bulldogs, Cadets",Winthrop,Home,Win,2,0,NA,1,2,2,6,14,5,9,0,0,6,0,0,0,0,0,13,4,5,0,0,4,0,0,141
2024-08-15,Toledo Rockets,IU Indy,Away,Draw,1,1,NA,1,1,0,2,15,6,11,0,0,6,0,0,1,2,4,5,3,10,0,0,3,0,0,709
2024-08-18,Toledo Rockets,Cincinnati,Home,Loss,2,3,NA,1,2,2,6,9,8,9,0,0,5,0,0,3,2,8,14,8,14,0,1,3,0,0,709
2024-08-15,Towson Tigers,Virginia,Away,Loss,0,2,NA,1,0,0,0,3,1,1,0,2,2,0,0,2,1,5,24,12,5,0,0,6,1,1,711
2024-08-18,Towson Tigers,UMBC,Away,Win,1,0,NA,1,1,0,2,11,6,6,0,1,7,0,0,0,0,0,18,10,7,0,0,6,0,0,711
2024-08-15,Troy Trojans,Eastern Wash.,Home,Win,2,1,NA,1,2,2,6,16,4,7,0,2,8,0,0,1,1,3,16,6,4,0,2,7,0,0,716
2024-08-16,Tulsa Golden Hurricane,Central Ark.,Home,Win,5,2,NA,1,5,6,16,21,14,16,0,0,6,0,0,2,2,6,8,7,8,0,0,8,0,0,719
2024-08-18,Tulsa Golden Hurricane,Missouri St.,Away,Loss,0,1,NA,1,0,0,0,11,3,8,1,2,5,0,0,1,1,3,24,13,11,0,1,10,0,0,719
2024-08-15,UAB Blazers,ETSU,Home,Win,1,0,NA,1,1,1,3,12,8,5,0,1,4,0,0,0,0,0,12,4,11,0,4,4,0,0,9
2024-08-18,UAB Blazers,Louisville,Away,Loss,1,3,NA,1,1,0,2,2,2,7,0,2,3,1,1,3,3,9,11,5,13,0,0,3,0,0,9
2024-08-17,UAlbany Great Danes,LIU,Home,Win,3,1,NA,1,3,2,8,18,12,14,0,0,3,0,0,1,0,2,13,3,7,1,2,7,0,0,14
2024-08-15,UC Davis Aggies,Sacramento St.,Home,Win,2,0,NA,1,2,3,7,14,8,6,0,0,2,0,0,0,0,0,5,3,11,0,1,2,0,0,108
2024-08-18,UC Davis Aggies,LMU (CA),Home,Loss,2,3,NA,1,2,2,6,11,4,13,0,1,3,1,1,3,2,8,10,5,7,0,0,2,0,0,108
2024-08-15,UC Irvine Anteaters,Saint Mary's (CA),Away,Win,3,0,NA,1,3,2,8,11,5,10,0,2,5,0,0,0,0,0,9,2,12,1,2,4,0,0,109
2024-08-18,UC Irvine Anteaters,Stanford,Away,Loss,0,3,NA,1,0,0,0,5,3,9,0,1,2,0,0,3,3,9,17,9,9,0,1,5,1,1,109
2024-08-15,UC Riverside Highlanders,Idaho,Home,Loss,0,3,NA,1,0,0,0,6,4,7,0,1,3,0,0,3,3,9,18,11,3,0,0,10,0,0,111
2024-08-18,UC Riverside Highlanders,UCLA,Away,Loss,0,3,NA,1,0,0,0,1,0,8,0,1,0,0,0,3,1,7,23,6,2,0,0,5,0,0,111
2024-08-15,UC San Diego Tritons,California,Away,Loss,1,2,NA,1,1,1,3,5,3,6,0,1,5,0,0,2,1,5,13,8,7,0,0,3,0,0,112
2024-08-18,UC San Diego Tritons,San Francisco,Away,Loss,0,3,NA,1,0,0,0,7,1,9,0,1,2,0,0,3,1,7,13,6,12,0,0,3,0,0,112
2024-08-15,UC Santa Barbara Gauchos,LMU (CA),Home,Loss,0,2,NA,1,0,0,0,10,1,8,0,0,3,0,0,2,2,6,14,5,4,0,1,5,0,0,104
2024-08-15,UCF Knights,Fla. Atlantic,Away,Win,5,1,NA,1,5,9,19,12,6,7,0,3,4,0,0,1,0,2,10,5,9,0,1,6,0,0,128
2024-08-15,UCLA Bruins,Long Beach St.,Away,Win,3,0,NA,1,3,2,8,18,12,11,0,0,5,0,0,0,0,0,3,2,10,0,2,3,0,0,110
2024-08-18,UCLA Bruins,UC Riverside,Home,Win,3,0,NA,1,3,1,7,23,6,2,0,0,5,0,0,0,0,0,1,0,8,0,1,0,0,0,110
2024-08-17,UConn Huskies,Vermont,Home,Draw,2,2,NA,1,2,2,6,23,10,1,0,1,6,0,0,2,1,5,9,4,7,0,2,0,0,0,164
2024-08-15,UIC Flames,Chicago St.,Home,Win,2,0,NA,1,2,2,6,14,8,14,0,1,6,0,0,0,0,0,3,0,13,0,3,0,0,0,302
2024-08-15,UIW Cardinals,Tarleton St.,Home,Draw,1,1,1,1,1,1,3,9,5,6,0,0,3,0,0,1,1,3,16,6,8,0,0,4,0,0,2743
2024-08-18,UIW Cardinals,"UTSA San Antonio, TX",Away,Loss,0,1,NA,1,0,0,0,6,3,7,0,1,2,0,0,1,0,2,29,13,11,0,2,9,1,1,2743
2024-08-15,ULM Warhawks,Ark.-Pine Bluff,Home,Win,9,0,NA,1,9,7,25,52,29,4,0,0,2,0,0,0,0,0,0,0,3,0,0,0,0,0,498
2024-08-18,ULM Warhawks,Southern U.,Away,Win,2,0,NA,1,2,0,4,12,7,11,0,3,2,0,0,0,0,0,3,1,15,0,2,1,0,0,498
2024-08-18,UMBC Retrievers,Towson,Home,Loss,0,1,NA,1,0,0,0,18,10,7,0,0,6,0,0,1,0,2,11,6,6,0,1,7,0,0,391
2024-08-15,UMass Lowell River Hawks,Merrimack,Home,Loss,0,1,NA,1,0,0,0,19,10,9,0,1,7,0,0,1,1,3,16,7,9,0,2,5,0,0,368
2024-08-15,UNC Asheville Bulldogs,The Citadel,Away,Loss,1,2,NA,1,1,1,3,13,5,9,0,0,4,0,0,2,1,5,5,3,5,0,0,3,0,0,456
2024-08-18,UNC Asheville Bulldogs,Western Caro.,Away,Loss,1,6,NA,1,1,1,3,11,7,9,0,1,7,0,0,6,3,15,23,12,16,0,0,7,0,0,456
2024-08-18,UNC Greensboro Spartans,UNCW,Away,Draw,1,1,NA,1,1,1,3,10,3,18,0,2,3,0,0,1,1,3,3,1,8,0,2,7,0,0,459
2024-08-15,UNCW Seahawks,Charlotte,Away,Win,2,1,NA,1,2,2,6,7,3,19,0,4,10,0,0,1,0,2,15,6,12,0,0,10,1,1,460
2024-08-18,UNCW Seahawks,UNC Greensboro,Home,Draw,1,1,NA,1,1,1,3,3,1,8,0,2,7,0,0,1,1,3,10,3,18,0,2,3,0,0,460
2024-08-15,UNI Panthers,South Dakota,Home,Draw,1,1,NA,1,1,0,2,15,4,3,0,0,2,0,0,1,1,3,10,4,8,0,0,7,0,0,504
2024-08-18,UNI Panthers,Western Ill.,Home,Win,5,1,NA,1,5,2,12,33,14,7,0,0,6,0,0,1,1,3,5,3,9,0,1,1,0,0,504
2024-08-15,UNLV Rebels,Southern Utah,Home,Win,3,1,NA,1,3,2,8,11,5,9,0,2,3,1,1,1,0,2,19,8,5,0,0,6,1,1,465
2024-08-15,USC Upstate Spartans,Queens (NC),Away,Win,2,0,NA,1,2,1,5,15,5,7,0,1,2,0,0,0,0,0,5,2,6,0,0,1,0,0,10411
2024-08-15,UT Martin Skyhawks,North Ala.,Away,Loss,0,1,NA,1,0,0,0,8,5,15,0,1,5,0,0,1,1,3,11,6,6,0,0,5,0,0,695
2024-08-18,UT Martin Skyhawks,Southern Ill.,Home,Draw,0,0,NA,1,0,0,0,17,6,8,0,2,10,0,0,0,0,0,18,9,7,0,1,9,0,0,695
2024-08-17,UTEP Miners,Abilene Christian,Home,Draw,0,0,NA,1,0,0,0,8,4,13,0,3,2,0,0,0,0,0,9,5,15,0,2,5,0,0,704
2024-08-15,UTRGV Vaqueros,Texas Southern,Home,Loss,0,1,NA,1,0,0,0,9,4,10,0,1,8,0,0,1,1,3,2,1,13,0,1,2,0,0,536
2024-08-15,UTSA Roadrunners,Navy,Home,Win,2,1,NA,1,2,2,6,16,9,10,0,1,5,0,0,1,1,3,5,4,16,0,2,3,0,0,706
2024-08-18,UTSA Roadrunners,"UIW San Antonio, TX",Away,Win,1,0,NA,1,1,0,2,29,13,11,0,2,9,1,1,0,0,0,6,3,7,0,1,2,0,0,706
2024-08-15,Utah Utes,Gonzaga,Home,Win,2,1,NA,1,2,2,6,13,5,15,0,2,6,0,0,1,1,3,10,6,5,0,0,7,0,0,732
2024-08-15,Utah St. Aggies,"Pepperdine Waipahu, HI",Away,Win,4,0,NA,1,4,6,14,19,8,12,0,1,4,0,0,0,0,0,5,3,6,0,0,0,0,1,731
2024-08-18,Utah St. Aggies,Hawaii,Away,Win,3,0,NA,1,3,4,10,21,11,8,0,0,5,0,0,0,0,0,6,2,13,0,0,0,0,0,731
2024-08-15,Utah Tech Trailblazers ,Weber St.,Away,Draw,1,1,NA,1,1,1,3,5,1,9,0,2,6,0,0,1,1,3,14,7,8,0,1,4,0,0,30095
2024-08-15,Utah Valley Wolverines,Michigan,Away,Win,2,1,NA,1,2,2,6,20,8,6,0,1,3,0,0,1,1,3,11,6,8,0,0,2,0,0,30024
2024-08-18,Utah Valley Wolverines,Detroit Mercy,Away,Win,5,2,NA,1,5,7,17,30,16,16,0,1,7,1,1,2,0,4,6,3,20,0,1,1,1,1,30024
2024-08-15,VCU Rams,Old Dominion,Away,Loss,1,2,NA,1,1,0,2,10,6,9,0,0,9,0,0,2,1,5,13,7,6,0,1,4,0,0,740
2024-08-15,VMI ,Davidson,Home,Win,1,0,NA,1,1,0,2,5,1,13,0,0,1,0,0,0,0,0,15,8,11,0,0,6,0,0,741
2024-08-18,VMI ,American,Home,Win,1,0,NA,1,1,0,2,5,2,6,0,1,2,1,1,0,0,0,18,4,8,0,1,6,0,0,741
2024-08-18,Valparaiso Beacons,Chicago St.,Away,Win,3,1,NA,1,3,1,7,16,6,10,0,0,7,1,1,1,1,3,4,3,10,0,0,5,0,0,735
2024-08-15,Vanderbilt Commodores,Georgetown,Away,Draw,0,0,NA,1,0,0,0,7,4,13,0,0,2,0,0,0,0,0,13,4,6,0,1,6,0,0,736
2024-08-17,Vermont Catamounts,UConn,Away,Draw,2,2,NA,1,2,1,5,9,4,7,0,2,0,0,0,2,2,6,23,10,1,0,1,6,0,0,738
2024-08-15,Villanova Wildcats,James Madison,Home,Loss,0,3,NA,1,0,0,0,7,3,5,0,1,1,0,0,3,2,8,12,4,6,0,0,5,0,0,739
2024-08-18,Villanova Wildcats,Temple,Home,Win,4,0,NA,1,4,4,12,20,11,6,0,0,7,0,0,0,0,0,7,5,8,0,0,1,0,0,739
2024-08-15,Virginia Cavaliers,Towson,Home,Win,2,0,NA,1,2,1,5,24,12,5,0,0,6,1,1,0,0,0,3,1,1,0,2,2,0,0,746
2024-08-18,Virginia Cavaliers,Northwestern,Home,Win,2,0,NA,1,2,0,4,9,1,7,0,1,5,0,0,0,0,0,8,2,8,0,1,4,0,0,746
2024-08-15,Virginia Tech Hokies,Campbell,Home,Win,4,0,NA,1,4,4,12,22,8,4,0,0,17,0,0,0,0,0,2,1,9,0,0,1,0,0,742
2024-08-18,Virginia Tech Hokies,James Madison,Away,Win,2,0,NA,1,2,3,7,16,7,12,0,1,7,0,1,0,0,0,5,2,4,0,0,2,0,0,742
2024-08-15,Wagner Seahawks,Rider,Home,Draw,0,0,NA,1,0,0,0,10,5,5,0,0,4,0,0,0,0,0,9,5,7,0,0,4,0,0,748
2024-08-18,Wagner Seahawks,Arizona St.,Away,Loss,0,6,NA,1,0,0,0,1,0,7,0,1,2,0,0,6,6,18,24,14,8,0,0,5,1,1,748
2024-08-15,Wake Forest Demon Deacons,Army West Point,Away,Win,1,0,NA,1,1,1,3,29,15,13,0,2,13,0,0,0,0,0,1,1,11,0,1,0,0,0,749
2024-08-18,Wake Forest Demon Deacons,Rutgers,Away,Draw,1,1,NA,1,1,2,4,13,3,12,0,2,8,0,0,1,1,3,6,3,10,0,1,2,0,0,749
2024-08-15,Washington Huskies,Wyoming,Home,Draw,0,0,NA,1,0,0,0,15,4,9,0,0,6,0,0,0,0,0,15,6,12,0,2,3,0,0,756
2024-08-15,Washington St. Cougars,Purdue,Away,Loss,0,1,NA,1,0,0,0,7,3,11,0,2,1,0,0,1,1,3,16,7,9,0,2,9,0,0,754
2024-08-15,Weber St. Wildcats,Utah Tech,Home,Draw,1,1,NA,1,1,1,3,14,7,8,0,1,4,0,0,1,1,3,5,1,9,0,2,6,0,0,758
2024-08-18,Weber St. Wildcats,San Diego St.,Away,Draw,1,1,NA,1,1,1,3,10,4,5,0,0,1,0,0,1,1,3,17,5,11,0,1,4,0,0,758
2024-08-15,West Virginia Mountaineers,Delaware,Home,Win,2,0,NA,1,2,1,5,14,7,8,0,0,6,1,1,0,0,0,3,2,12,0,0,0,0,0,768
2024-08-18,West Virginia Mountaineers,Radford,Home,Win,5,0,NA,1,5,6,16,21,10,15,0,1,8,0,1,0,0,0,5,3,7,0,2,2,0,0,768
2024-08-16,Western Caro. Catamounts,Florida,Away,Loss,0,2,NA,1,0,0,0,7,5,10,0,0,0,0,0,2,3,7,20,9,12,0,2,4,0,1,769
2024-08-18,Western Caro. Catamounts,UNC Asheville,Home,Win,6,1,NA,1,6,3,15,23,12,16,0,0,7,0,0,1,1,3,11,7,9,0,1,7,0,0,769
2024-08-15,Western Ill. Leathernecks,Iowa St.,Away,Loss,0,3,NA,1,0,0,0,4,1,8,0,1,2,0,0,3,1,7,24,10,10,0,2,8,0,0,771
2024-08-18,Western Ill. Leathernecks,UNI,Away,Loss,1,5,NA,1,1,1,3,5,3,9,0,1,1,0,0,5,2,12,33,14,7,0,0,6,0,0,771
2024-08-15,Western Ky. Lady Toppers,Austin Peay,Away,Loss,1,2,NA,1,1,0,2,11,7,7,0,0,3,0,0,2,2,6,10,6,9,0,0,2,0,0,772
2024-08-15,Western Mich. Broncos,Northern Ky.,Home,Win,3,0,NA,1,3,6,12,31,14,14,0,0,6,0,0,0,0,0,10,6,10,0,0,1,0,0,774
2024-08-15,William & Mary Tribe,Radford,Away,Loss,1,4,NA,1,1,1,3,20,7,9,0,0,7,0,0,4,6,14,6,5,6,0,0,1,0,0,786
2024-08-18,Winthrop Eagles,The Citadel,Away,Loss,0,2,NA,1,0,0,0,13,4,5,0,0,4,0,0,2,2,6,14,5,9,0,0,6,0,0,792
2024-08-15,Wisconsin Badgers,BYU,Away,Loss,0,1,NA,1,0,0,0,17,6,10,0,1,12,0,1,1,2,4,7,3,8,0,0,1,0,0,796
2024-08-15,Wofford Terriers,Presbyterian,Home,Loss,2,3,NA,1,2,2,6,8,4,13,0,1,3,0,0,3,2,8,13,6,10,0,1,4,0,0,2915
2024-08-18,Wofford Terriers,Stetson,Home,Win,1,0,NA,1,1,0,2,12,5,15,0,0,4,0,0,0,0,0,12,6,8,0,1,2,0,0,2915
2024-08-15,Wright St. Raiders,Illinois,Away,Loss,0,6,NA,1,0,0,0,6,3,6,0,0,3,0,0,6,11,23,24,13,3,0,0,14,0,0,810
2024-08-15,Wyoming Cowgirls,Washington,Away,Draw,0,0,NA,1,0,0,0,15,6,12,0,2,3,0,0,0,0,0,15,4,9,0,0,6,0,0,811
2024-08-15,Xavier Musketeers,Milwaukee,Home,Win,4,2,NA,1,4,3,11,19,6,13,0,1,6,1,1,2,2,6,4,3,7,0,0,3,0,0,812
2024-08-18,Xavier Musketeers,Michigan,Home,Win,3,0,NA,1,3,3,9,17,5,6,0,1,4,0,0,0,0,0,11,3,16,0,4,2,0,0,812
2024-08-18,Youngstown St. Penguins,Kent St.,Home,Draw,2,2,NA,1,2,1,5,8,4,16,0,2,1,1,1,2,0,4,20,8,11,0,2,5,0,0,817
